id,unidade_1,unidade_2,unidade_3,rec,resultado,faltas,situacao,tipo_de_ensino,semestre,p4
8gD86mMQp7J2wFahWQBbQA==,"9,3","9,2","9,3",-,"9,3",16,APR,PRESENCIAL,2019_1,
skhYzylUGrREZ/GAcyQ4vQ==,"7,6","5,3","7,5",-,"6,8",14,APRN,PRESENCIAL,2019_1,
1Y2tYV1PJYRRD/b/c8evqA==,"4,1","1,0","6,5","4,5","5,0",12,APR,PRESENCIAL,2019_1,"4,5"
KRj6MTZYhyqXVn09x8Ap+g==,"3,0","6,3","6,0",-,"5,1",18,APRN,PRESENCIAL,2019_1,
Nc5xTLwfZcUtxyiEhTOkOg==,"5,0","3,5","5,5","4,5","5,0",21,APR,PRESENCIAL,2019_1,"4,5"
dziRu4tvA4jfAy0tVh6cAg==,"4,0","0,0","0,0",-,"1,3",34,REMF,PRESENCIAL,2019_1,
soq4yvF+DdWZEtgmu6j71A==,"3,1","3,1","6,0","3,7","4,3",8,REP,PRESENCIAL,2019_1,"3,7"
88dnSCGf8A1xVGTLo1ZKtA==,"0,0","0,0","0,0",-,"0,0",68,REMF,PRESENCIAL,2019_1,
gfBBVcfQvo7FlR8omsGTUw==,"10,0","9,4","10,0",-,"9,8",12,APR,PRESENCIAL,2019_1,
+3L9lYtXT7ufkmn3uRiFbA==,"9,4","4,9","10,0",-,"8,1",12,APR,PRESENCIAL,2019_1,
D3DFltmfwCeW4TEX6gamTQ==,"5,4","5,8","10,0",-,"7,1",18,APR,PRESENCIAL,2019_1,
GkRMMDu8g14l1L+lmXW4Lg==,"3,0","3,5","9,3",-,"5,3",13,APRN,PRESENCIAL,2019_1,
vOFlQwcEJwXL9zPipwSQWQ==,"7,3","4,5","4,5",-,"5,4",18,APRN,PRESENCIAL,2019_1,
ZW57hpj9HhJ+vjldvLM8+w==,"2,4","5,8","6,0","0,0","4,7",18,REP,PRESENCIAL,2019_1,"0,0"
Jba31ogNJ88J7XwiwugxJQ==,"7,5","4,5","6,3",-,"6,1",12,APRN,PRESENCIAL,2019_1,
0baAN+bw8zKU0tL0GvBupg==,"9,0","9,2","7,5",-,"8,6",2,APR,PRESENCIAL,2019_1,
FWnb0cM5Nwek+p/XKXsmug==,"3,0","3,5","3,0","4,5","3,7",25,REP,PRESENCIAL,2019_1,"4,5"
Wb1HlQq+M0I3VGGMFxe1ug==,"8,7","5,5","6,5",-,"6,9",18,APRN,PRESENCIAL,2019_1,
XaPzNYwoyx3Y3+cFqAmWWw==,"6,8","7,0","4,0",-,"5,9",18,APRN,PRESENCIAL,2019_1,
Xr4LjN4DYm6tmNzz61T+jw==,"7,1","0,0","0,0",-,"2,4",66,REMF,PRESENCIAL,2019_1,
FxwdvwRGnc6ygYnw0fad7Q==,"5,3","5,6","7,5",-,"6,1",4,APRN,PRESENCIAL,2019_1,
nJ6Hh1yHnguMqqXMKNcIOA==,"9,0","9,0","9,0",-,"9,0",8,APR,PRESENCIAL,2019_1,
4iViaSaU7KqRTN9FcHXR7w==,"3,3","0,0","0,0",-,"1,1",52,REMF,PRESENCIAL,2019_1,
N9mRQrO4JFnuCN2tF2Q0ag==,"4,0","7,0","3,0","3,0","4,7",12,REP,PRESENCIAL,2019_1,"3,0"
43ZOWCPFyUGu9BK1+cBOQw==,"0,0","0,0","0,0",-,"0,0",64,REMF,PRESENCIAL,2019_1,
mRpZcpiBh/mb+2+8mnxnNA==,"1,0","0,0","0,0",-,"0,3",63,REMF,PRESENCIAL,2019_1,
U5zc5hrp5fmCRBsfhvu3QQ==,"7,0","8,0","7,5",-,"7,5",4,APR,PRESENCIAL,2019_1,
V4ZBkucSjKOTEOt0h1xsAA==,"9,3","7,9","9,3",-,"8,8",20,APR,PRESENCIAL,2019_1,
fUJbN6O96WX16dXOmsybYg==,"0,0","0,0","0,0",-,"0,0",86,REMF,PRESENCIAL,2019_1,
xvlzLNkcJR7HQFuqZdJ5eg==,"0,0","0,0","0,0",-,"0,0",54,REMF,PRESENCIAL,2019_1,
Ichv0ZwkjRs9/15lE9yhlQ==,"3,0","5,0","5,0","5,0","5,0",26,APR,PRESENCIAL,2019_1,"5,0"
MFVl6v60DnhNndTgSrdA4g==,"9,2","9,0","8,0",-,"8,7",10,APR,PRESENCIAL,2019_1,
pG5D2+pObRwFGj+7YAm1vQ==,"5,9","6,7","7,7",-,"6,8",12,APRN,PRESENCIAL,2019_1,
qx7p4YapLqcUGfGqk4FKkw==,"7,0","5,0","7,8",-,"6,6",29,REPF,PRESENCIAL,2019_1,
hw8YtldvQKnowJDg0pFDIA==,"7,2","2,0","0,0","0,0","3,1",26,REP,PRESENCIAL,2019_1,"0,0"
RWw9petTdqKdm2pihGQw9A==,"4,5","5,0","0,0",-,"3,2",39,REMF,PRESENCIAL,2019_1,
eTfUgzzmP1rQUjOTPdhuzA==,"7,0","7,0","7,5",-,"7,2",19,APR,PRESENCIAL,2019_1,
yHYSf5TDcIkTYchIIvY4dQ==,"8,0","7,0","0,0","7,0","7,3",18,APR,PRESENCIAL,2019_1,"7,0"
lr4vwbAQgcew3DVb8HelHw==,"5,6","5,8","10,0",-,"7,1",18,APR,PRESENCIAL,2019_1,
NJ+9dWg8rdzWCt2shdNf5A==,"4,2","3,0","9,0",-,"5,4",18,APRN,PRESENCIAL,2019_1,
kXOAKxtp+82+pRsARTfTzg==,"4,0","0,0","0,0",-,"1,3",68,REMF,PRESENCIAL,2019_1,
jbdCi0sGz3CFIWNXRSF29w==,"7,0","2,0","5,5","5,0","5,8",26,APR,PRESENCIAL,2019_1,"5,0"
vmiAdBb2LyEEghb0Gxq55Q==,"2,0","1,0","5,5",-,"2,8",11,REP,PRESENCIAL,2019_1,
gBL6hyQ57EGGMdm3RagPiQ==,"5,8","2,5","7,0","5,0","5,9",18,APR,PRESENCIAL,2019_1,"5,0"
unqZjGz8pBeBNRj2mU+qAg==,"6,7","6,0","10,0",-,"7,6",18,APR,PRESENCIAL,2019_1,
0z0FcRXUaT+yvkf0vTyk/w==,"4,0","6,0","8,0",-,"6,0",11,APRN,PRESENCIAL,2019_1,
/wQ3sFh8orFVmfwM5q5kcg==,"6,2","1,4","7,7","2,3","5,4",16,REPN,PRESENCIAL,2019_1,"2,3"
LhCy3/j7i9pSYEWVlUW8ag==,"0,0","1,5","0,0",-,"0,5",48,REMF,PRESENCIAL,2019_1,
poeXxB9J4tkGXhEHNgVe9Q==,"10,0","7,5","9,5",-,"9,0",18,APR,PRESENCIAL,2019_1,
9sGVTcw+nAmrbNVSDI+7wg==,"9,4","0,0","6,5","5,0","7,0",18,APR,PRESENCIAL,2019_1,"5,0"
kFwnmzCXR/dxzrT4cSe6XA==,"4,5","4,0","8,8",-,"5,8",17,APRN,PRESENCIAL,2019_1,
o+MNxoqduLrqYaTCYhxAzw==,"8,2","7,0","10,0",-,"8,4",10,APR,PRESENCIAL,2019_1,
WKTHkMI7PnL7v90fuLvKww==,"9,9","5,4","7,8",-,"7,7",8,APR,PRESENCIAL,2019_1,
O7r25NaYeeWuXt3+uAa2Nw==,"5,2","7,0","10,0",-,"7,4",18,APR,PRESENCIAL,2019_1,
7V/JHBB02kuqFdhlpSO+Fw==,"5,1","7,2","7,8",-,"6,7",8,APRN,PRESENCIAL,2019_1,
AUdbc+v6PPYefY/fHBljpw==,"0,0","0,0","0,0",-,"0,0",66,REMF,PRESENCIAL,2019_1,
IA9qT1flrrY9aLT4JujzFg==,"2,9","4,1","0,0",-,"2,3",52,REMF,PRESENCIAL,2019_1,
kMkKj7M6N1wZAF2fHuvH+w==,"5,5","3,5","6,3",-,"5,1",17,APRN,PRESENCIAL,2019_1,
2tMZwFcx6ziwOPcYPl+xeQ==,"4,3","2,3","7,5","4,3","5,4",12,APR,PRESENCIAL,2019_1,"4,3"
k+QFpY2Omrxeg8HpZLjXYg==,"0,0","3,0","7,8","5,0","5,3",22,APR,PRESENCIAL,2019_1,"5,0"
6/SdUSpAC9mpnOM6C2y5xQ==,"4,5","0,0","7,5",-,"4,0",30,REMF,PRESENCIAL,2019_1,
ZYWsGLmvbLknj9C4G3LCdw==,"6,3","7,5","10,0",-,"7,9",10,APR,PRESENCIAL,2019_1,
p1GaiuQvxFZV+yK0ugkDSw==,"9,6","8,9","10,0",-,"9,5",4,APR,PRESENCIAL,2019_1,
sjTYZTZGXKLG5vrkb6ZL6A==,"0,0","0,0","0,0",-,"0,0",68,REMF,PRESENCIAL,2019_1,
IbZ/TW5DeEQXy7mBWz941g==,"9,3","3,0","6,5",-,"6,3",24,APRN,PRESENCIAL,2019_1,
1yTfL9Xsd89eblbgpt9bZw==,"10,0","9,5","9,3",-,"9,6",19,APR,PRESENCIAL,2019_1,
t+AeDjohhQnKqeoU7jbGGA==,"5,5","8,5","7,5",-,"7,2",10,APR,PRESENCIAL,2019_1,
U21Nl3ttK+ctWxJXaGKipg==,"10,0","7,0","5,0",-,"7,3",68,REPF,PRESENCIAL,2019_1,
0Yc0yvuXp+Xf9nRScAWGaQ==,"0,0","0,5","0,0",-,"0,2",48,REMF,PRESENCIAL,2019_1,
Fbhr/NSgxucALbLF3ZcNfA==,"5,6","3,0","6,0","4,5","5,4",12,APR,PRESENCIAL,2019_1,"4,5"
1o+pc4GcaE08EBTnBugH5Q==,"10,0","8,0","5,0",-,"7,7",4,APR,PRESENCIAL,2019_1,
9ETvVIheb1NuNUGyj3xdMg==,"6,0","7,5","9,5",-,"7,7",12,APR,PRESENCIAL,2019_1,
pfB+tmgRWUJ/UAYn0KfAPQ==,"1,6","0,0","0,0",-,"0,5",48,REMF,PRESENCIAL,2019_1,
KD9X+bZ9hqC3oAU5bGkLPQ==,"4,0","2,5","3,5","5,0","4,2",26,REP,PRESENCIAL,2019_1,"5,0"
ATkmOS2a52BIxPZcMhVf1Q==,"5,4","3,1","0,0",-,"2,8",40,REMF,PRESENCIAL,2019_1,
XUceINMPTyN55Kjc3LG5bA==,"6,4","7,0","4,0",-,"5,8",18,APRN,PRESENCIAL,2019_1,
EAmeibX9MHi8Ji2cM11KKQ==,"5,9","2,3","10,0","3,9","6,6",8,APR,PRESENCIAL,2019_1,"3,9"
VHLxjiMVSm/bvaEnMRPjtg==,"0,0","0,0","0,0",-,"0,0",64,REMF,PRESENCIAL,2019_1,
KtFdfPvKENEfwYWefg+LFQ==,"9,4","4,8","10,0",-,"8,1",20,APR,PRESENCIAL,2019_1,
Sbuyf293C0tnPdAaGp2H3w==,"9,0","5,2","0,0","3,6","5,9",24,APR,PRESENCIAL,2019_1,"3,6"
xrwcxwcFwIR1xt7uTHNw/g==,"2,0","2,0","0,0",-,"1,3",29,REMF,PRESENCIAL,2019_1,
Aep5PH1NCShfLnxJayPxQw==,"7,5","5,0","6,5",-,"6,3",24,APRN,PRESENCIAL,2019_1,
WsAqwvIcllbiyRNdbjUK1w==,"7,4","6,5","6,0",-,"6,6",18,APRN,PRESENCIAL,2019_1,
zy0uZj8yLdytDqVhIDS/JQ==,"9,3","5,6","0,0","4,0","6,3",24,APR,PRESENCIAL,2019_1,"4,0"
S6YHDBJtF24Js0BmTwgWQg==,"0,0","0,0","0,0",-,"0,0",78,REMF,PRESENCIAL,2019_1,
x5I4/9DLRssdhT4/LFQfdw==,"3,0","3,5","3,0","4,5","3,7",16,REP,PRESENCIAL,2019_1,"4,5"
6ww/mSrpzgLrRAR/8BC9sw==,"6,6","0,0","8,5","4,0","6,4",18,APR,PRESENCIAL,2019_1,"4,0"
6LtXe/0kS+BimTap1zuCMw==,"5,6","3,0","10,0",-,"6,2",4,APRN,PRESENCIAL,2019_1,
odrOoYuSd+H833CCmG+G7g==,"3,0","3,0","9,5",-,"5,2",18,APRN,PRESENCIAL,2019_1,
d/2eMReEcg0Be6OmJ1IYyw==,"6,2","5,7","9,5",-,"7,1",12,APR,PRESENCIAL,2019_1,
6gGvWU3ZBsK+KrFWtVeA7g==,"7,4","4,0","10,0",-,"7,1",10,APR,PRESENCIAL,2019_1,
QIKzmtvo6Nk11Q3nfX4Gxw==,"8,6","6,8","10,0",-,"8,5",6,APR,PRESENCIAL,2019_1,
bNBTfPylDRSGLbhnQRQsxg==,"4,3","9,8","8,5",-,"7,5",14,APR,PRESENCIAL,2019_1,
dZh99ycNfN86tLiS6Hl9fw==,"7,9","7,2","10,0",-,"8,4",10,APR,PRESENCIAL,2019_1,
E1mkJzp7QbnUnc/ND38TcQ==,"10,0","9,2","10,0",-,"9,7",4,APR,PRESENCIAL,2019_1,
+50VkEeWAqp2z37O/VYN9w==,"8,3","10,0","9,5",-,"9,3",18,APR,PRESENCIAL,2019_1,
By+J9yI+BYbDVdLJPwPbnA==,"5,8","4,9","9,0",-,"6,6",12,APRN,PRESENCIAL,2019_1,
EBzVlrjGRaa4buQTMh7wvw==,"4,0","2,5","0,0",-,"2,2",65,REMF,PRESENCIAL,2019_1,
K4FxukXcKlSLIZt6VgEdKg==,"0,0","0,5","0,0",-,"0,2",54,REMF,PRESENCIAL,2019_2,
1Q+wTI8GwuFX/IYXrv701w==,"7,7","1,0","6,1","0,4","4,9",28,REMF,PRESENCIAL,2019_2,"0,4"
Yx1+flcGjl8KWqRGLRyBKQ==,"10,0","10,0","10,0",-,"10,0",12,APR,PRESENCIAL,2019_2,
RcKgWrE0yLTgAq9GTGfepA==,"5,6","6,4","7,6",-,"6,5",10,APRN,PRESENCIAL,2019_2,
KZ4MNV8Ow3hVxSn3yFzrng==,"4,3","0,5","0,0",-,"1,6",60,REMF,PRESENCIAL,2019_2,
1PqXKSxi2jZ1ckCKfKYPMA==,"7,4","1,8","0,3","0,0","3,2",28,REMF,PRESENCIAL,2019_2,"0,0"
qxF5Z4fP8oKz2PIlq/R5bg==,"5,1","4,3","6,3",-,"5,2",0,APRN,PRESENCIAL,2019_2,
N3pnYoKpB4SF63RcGtsSQw==,"3,6","1,3","0,3",-,"1,7",34,REMF,PRESENCIAL,2019_2,
SZ+vVk6x5C9NBJL2HfYTqw==,"10,0","10,0","10,0",-,"10,0",14,APR,PRESENCIAL,2019_2,
J5LDUEjGAuG//ZPCGineXw==,"5,1","3,3","3,9","6,0","5,0",0,APR,PRESENCIAL,2019_2,"6,0"
kGGS+G6uMhlZC4SHqXB1dw==,"10,0","10,0","10,0",-,"10,0",0,APR,PRESENCIAL,2019_2,
LJ017LqVaWvwqH0Kft6nmw==,"8,0","5,2","6,9",-,"6,7",10,APRN,PRESENCIAL,2019_2,
GhQKbvOwTm3he1/xzAjmaw==,"10,0","5,5","5,8",-,"7,1",12,APR,PRESENCIAL,2019_2,
3jZoA7xk5BBQcCdJT+MBIg==,"0,0","0,0","0,0",-,"0,0",28,REMF,PRESENCIAL,2019_2,
MpLR1wzGW0nSSaOAj6Tu6A==,"6,9","2,5","0,2","0,0","3,2",28,REMF,PRESENCIAL,2019_2,"0,0"
soq4yvF+DdWZEtgmu6j71A==,"3,2","2,8","7,2","4,5","5,0",18,APR,PRESENCIAL,2019_2,"4,5"
aFRgJOh+ukUgTdtuLduGrg==,"10,0","9,7","9,4",-,"9,7",24,APR,PRESENCIAL,2019_2,
1eTdgjvDdc5T+CPcA65n5w==,"5,6","7,0","10,0",-,"7,5",20,APR,PRESENCIAL,2019_2,
8T37u6IO/ThZ0gshKRPPFA==,"0,0","0,0","0,0",-,"0,0",28,REMF,PRESENCIAL,2019_2,
l7yzDLnSNgOuyf+w8PDxJA==,"1,8","2,5","0,0",-,"1,4",4,REP,PRESENCIAL,2019_2,
88dnSCGf8A1xVGTLo1ZKtA==,"4,3","1,3","5,7","0,0","3,8",28,REMF,PRESENCIAL,2019_2,"0,0"
HXXJy3gx0t9PbEXw5WQGwg==,"0,0","0,0","0,0",-,"0,0",90,REMF,PRESENCIAL,2019_2,
QyIhBPXsyj/iXmjfYxLfWw==,"5,0","5,4","5,1",-,"5,2",24,APRN,PRESENCIAL,2019_2,
u3vVc+s2q7WqkJqyV7foCg==,"9,2","9,0","10,0",-,"9,4",6,APR,PRESENCIAL,2019_2,
sxXx9hkCewtb6NYPQatleQ==,"10,0","10,0","10,0",-,"10,0",8,APR,PRESENCIAL,2019_2,
cjkCZMd4AVtdkrs7Q+As/Q==,"10,0","9,5","9,0",-,"9,5",20,APR,PRESENCIAL,2019_2,
s+HxppEloLHobkm0FVai8Q==,"5,3","7,7","3,0",-,"5,3",0,APRN,PRESENCIAL,2019_2,
ln6KXhq+L07ATdl33vBaww==,"9,8","6,5","10,0",-,"8,8",30,REPF,PRESENCIAL,2019_2,
LswpVSpph2Qm0JDbUnaWoQ==,"5,2","6,4","3,8",-,"5,1",24,APRN,PRESENCIAL,2019_2,
5pbOtufMA1DEhDS2or0skA==,"6,2","4,0","10,0",-,"6,7",32,REPF,PRESENCIAL,2019_2,
fRQgEKxTMuYX8D0GT19NvQ==,"2,7","0,8","0,0",-,"1,2",28,REMF,PRESENCIAL,2019_2,
d8FlZ9zN0trN+m1Qu3Wvvw==,"0,0","0,0","0,0",-,"0,0",80,REMF,PRESENCIAL,2019_2,
FQ0I7AXgZVtokjj549sWZQ==,"10,0","9,5","10,0",-,"9,8",16,APR,PRESENCIAL,2019_2,
cXxvG7vZ6HaVQ0esljXq8A==,"2,0","0,0","0,0",-,"0,7",42,REMF,PRESENCIAL,2019_2,
KI26qtTPHhcFdzpVV/d0sw==,"3,5","0,9","0,0",-,"1,5",22,REP,PRESENCIAL,2019_2,
UZMyBVxsPxlWTcpy/pGcag==,"6,9","3,3","7,3",-,"5,8",28,REPF,PRESENCIAL,2019_2,
LHYXsF+Agc/Dh59ahhYR5g==,"2,6","0,0","0,0",-,"0,9",69,REMF,PRESENCIAL,2019_2,
IUqmW2TprhZlc5PHZOfpDw==,"4,6","0,1","0,0",-,"1,6",44,REMF,PRESENCIAL,2019_2,
+qRTFo3+Cmb7ktmWUVN3QA==,"1,5","0,0","0,0",-,"0,5",62,REMF,PRESENCIAL,2019_2,
eoP5hc3CWD5C9xnnnOcjbA==,"7,5","9,3","8,3",-,"8,4",0,APR,PRESENCIAL,2019_2,
bUQoNjlaxl1riN7iozbDkA==,"6,0","5,5","9,0",-,"6,8",22,APRN,PRESENCIAL,2019_2,
K6FmWPAJ1Vb6mMbqaPwL2Q==,"9,9","5,2","9,8",-,"8,3",28,REPF,PRESENCIAL,2019_2,
zBC3cSIKRYhIlpkNTCv87w==,"8,0","1,8","7,5","5,0","6,8",20,APR,PRESENCIAL,2019_2,"5,0"
E8tS6CTKcM0lFhFpmrjMgg==,"6,0","7,5","7,5",-,"7,0",10,APR,PRESENCIAL,2019_2,
SVhTbwqOuSlGgWOtjT641g==,"6,7","8,3","3,6",-,"6,2",18,APRN,PRESENCIAL,2019_2,
yHYAv8bvlMKKgKsRffkZdw==,"10,0","7,4","7,5",-,"8,3",28,REPF,PRESENCIAL,2019_2,
A7a1dpR8Wj5nfY4CRdRTdA==,"0,3","3,0","1,0",-,"1,4",12,REP,PRESENCIAL,2019_2,
Fu4FJZafyl2kKhiElbeO7Q==,"1,0","0,0","0,0",-,"0,3",28,REMF,PRESENCIAL,2019_2,
vipCxpQ7o1Hx+Xh7yJODdQ==,"7,4","2,8","6,4","4,0","5,9",22,APR,PRESENCIAL,2019_2,"4,0"
X1sU6P2EaT6u5XIiGK4CCA==,"7,6","6,7","2,6","3,0","5,8",0,APR,PRESENCIAL,2019_2,"3,0"
FWnb0cM5Nwek+p/XKXsmug==,"6,6","4,3","4,2",-,"5,0",28,REPF,PRESENCIAL,2019_2,
fvEzoidk0pctlgTNvhAxtA==,"7,4","7,4","10,0",-,"8,3",6,APR,PRESENCIAL,2019_2,
iWsxg0FXSKo80J+jIwP8LA==,"2,0","1,0","1,5",-,"1,5",27,REP,PRESENCIAL,2019_2,
yhZB9dGBcg4JNPEA0ftTLA==,"3,5","3,4","1,1",-,"2,7",22,REP,PRESENCIAL,2019_2,
6c7mWSCQGnHYioXexDtMzw==,"10,0","10,0","10,0",-,"10,0",22,APR,PRESENCIAL,2019_2,
4iViaSaU7KqRTN9FcHXR7w==,"5,4","4,5","7,2",-,"5,7",20,APRN,PRESENCIAL,2019_2,
PT+8ShUOWlLKbXwpCQzgwg==,"1,7","0,7","0,0",-,"0,8",28,REMF,PRESENCIAL,2019_2,
s6lTa6ivL2xMleueS3Xzpg==,"5,0","2,0","4,0","2,0","3,7",20,REP,PRESENCIAL,2019_2,"2,0"
eHUsNTuRYE7V69oePb7BwA==,"8,4","8,4","9,5",-,"8,8",0,APR,PRESENCIAL,2019_2,
Pjt/+DaVyt4xuoz7J1KxiQ==,"3,5","0,2","0,0",-,"1,2",64,REMF,PRESENCIAL,2019_2,
xuMeKA6Svjo/D2dYy0Vxhw==,"6,3","6,6","7,5",-,"6,8",0,APRN,PRESENCIAL,2019_2,
DqGpd8mEXYRZ2Wa8CB1UvQ==,"9,5","3,8","5,3",-,"6,2",28,REPF,PRESENCIAL,2019_2,
rXBMUbawC89wOK2PP82J+g==,"3,6","8,0","4,3",-,"5,3",6,APRN,PRESENCIAL,2019_2,
yjiGs5rWp4mOkL+vfoIyxg==,"9,2","9,7","10,0",-,"9,6",12,APR,PRESENCIAL,2019_2,
N9mRQrO4JFnuCN2tF2Q0ag==,"8,5","8,0","6,0",-,"7,5",20,APR,PRESENCIAL,2019_2,
9aVTOAwU/WYh46VfAb60SQ==,"9,7","8,7","10,0",-,"9,5",29,REPF,PRESENCIAL,2019_2,
GNqYh5oAQAfcnMckZoTTxA==,"0,0","0,0","0,0",-,"0,0",62,REMF,PRESENCIAL,2019_2,
WKS/aASG1vOj5qnnFEN/qw==,"7,0","4,9","6,8",-,"6,2",0,APRN,PRESENCIAL,2019_2,
SwKpio/zSs14F8FNUVXrDA==,"7,3","1,8","5,1","3,0","5,1",8,APR,PRESENCIAL,2019_2,"3,0"
qqzk2p9QZxAxhzHkja8m0w==,"5,5","6,5","5,0",-,"5,7",18,APRN,PRESENCIAL,2019_2,
1oEUw6kR6J4XQbteNKPO7w==,"1,3","0,0","0,0",-,"0,4",28,REMF,PRESENCIAL,2019_2,
UUYxznh+Iay6QuXea8ZSPA==,"0,0","0,0","0,0",-,"0,0",92,REMF,PRESENCIAL,2019_2,
z2AIOBCPS4fOVqeOsg2zrw==,"3,0","0,2","0,0",-,"1,1",60,REMF,PRESENCIAL,2019_2,
alsUiAvQT4SNVY86Caw2Yg==,"0,0","0,0","0,0",-,"0,0",84,REMF,PRESENCIAL,2019_2,
wFBamZBleEqk4Sm9w8viXw==,"5,9","2,0","0,0",-,"2,6",32,REMF,PRESENCIAL,2019_2,
mRpZcpiBh/mb+2+8mnxnNA==,"0,0","0,0","0,0",-,"0,0",92,REMF,PRESENCIAL,2019_2,
3lbyQKtYA94rSXO39C3X5Q==,"7,0","7,9","7,3",-,"7,4",6,APR,PRESENCIAL,2019_2,
h9HCLK60wEb4qCCSMiBIGg==,"5,0","2,9","0,0",-,"2,6",28,REMF,PRESENCIAL,2019_2,
uwi69ZnzmhCWHpUYZ/ibJQ==,"7,7","1,5","7,4","6,5","7,2",8,APR,PRESENCIAL,2019_2,"6,5"
UX+87NKgRS9pShJiCHV+5g==,"9,6","8,0","7,4",-,"8,3",8,APR,PRESENCIAL,2019_2,
5Q7nwGatXNKd89zIzzbZyA==,"4,3","3,1","1,9","0,0","3,1",18,REP,PRESENCIAL,2019_2,"0,0"
XLT6IZlGZ3kXWEkGt3ECBg==,"9,8","8,0","8,0",-,"8,6",18,APR,PRESENCIAL,2019_2,
9GTtj2UBinL/TPmBP6RORw==,"10,0","8,0","10,0",-,"9,3",2,APR,PRESENCIAL,2019_2,
Uzsa+/X9TesnemJxw6C62g==,"5,2","3,6","1,5","1,0","3,4",18,REP,PRESENCIAL,2019_2,"1,0"
omN6/9aMLOen9HA0LNdKtA==,"5,4","3,0","4,4","7,0","5,6",24,APR,PRESENCIAL,2019_2,"7,0"
96EBvJxbEtgQ10sBZx8I8A==,"2,2","0,0","5,2",-,"2,5",76,REMF,PRESENCIAL,2019_2,
U4fT4LWjaE8Uz0htF0Z+bQ==,"8,9","9,8","8,6",-,"9,1",10,APR,PRESENCIAL,2019_2,
xvlzLNkcJR7HQFuqZdJ5eg==,"7,7","1,8","5,7","2,0","5,1",28,RENF,PRESENCIAL,2019_2,"2,0"
NOnVQAoQSIdkXdcAo8kamw==,"6,8","0,8","5,2","0,7","4,3",28,REMF,PRESENCIAL,2019_2,"0,7"
7gvreWUfweEwKfA4c2BQMQ==,"0,3","0,0","0,0",-,"0,1",46,REMF,PRESENCIAL,2019_2,
90TmEdI04zcgSezxTxotvg==,"7,5","10,0","1,0","4,5","7,3",30,RENF,PRESENCIAL,2019_2,"4,5"
etfFxXQSVcCqf7ABR97Wyg==,"8,0","1,8","5,1","2,0","5,0",20,REPN,PRESENCIAL,2019_2,"2,0"
2pvQGkM0S5qzAlQTxMMQfA==,"4,4","5,8","2,2","0,5","4,1",12,REP,PRESENCIAL,2019_2,"0,5"
qx7p4YapLqcUGfGqk4FKkw==,"8,0","3,8","7,8",-,"6,5",28,REPF,PRESENCIAL,2019_2,
ImV3g0XysCIF93lwomy7bQ==,"10,0","10,0","10,0",-,"10,0",20,APR,PRESENCIAL,2019_2,
9vFY+HLMZ/uxxBjSPBf1Gg==,"0,3","0,0","0,0",-,"0,1",84,REMF,PRESENCIAL,2019_2,
EICIR5o6/Vk/u+5qBG27wQ==,"1,2","1,7","1,4",-,"1,4",56,REMF,PRESENCIAL,2019_2,
eXzgTIa/XJaooh42rch9tQ==,"6,3","5,1","8,7",-,"6,7",8,APRN,PRESENCIAL,2019_2,
hw8YtldvQKnowJDg0pFDIA==,"4,7","0,0","0,0",-,"1,6",77,REMF,PRESENCIAL,2019_2,
ZWNc0TPwNL4N3l1N/sCjBg==,"10,0","10,0","10,0",-,"10,0",4,APR,PRESENCIAL,2019_2,
ei8xhiky3YEWNQdcp6p7yw==,"0,0","0,0","0,0",-,"0,0",28,REMF,PRESENCIAL,2019_2,
uE4j4eVF08A/QkBBCnH4BA==,"9,1","3,5","0,5","2,0","4,9",24,REP,PRESENCIAL,2019_2,"2,0"
EMT2Tc5bJJXL0jQgC2K6AA==,"8,3","7,4","5,2",-,"7,0",18,APR,PRESENCIAL,2019_2,
1iJMLMMqetP8dNC9o9+2iQ==,"5,3","2,0","1,5",-,"2,9",36,REMF,PRESENCIAL,2019_2,
1ECmarX86cG7IuSaA2Do/w==,"9,2","8,3","4,8",-,"7,4",12,APR,PRESENCIAL,2019_2,
b7hIX9hwjVMoada1YC0euA==,"1,3","0,0","0,0",-,"0,4",28,REMF,PRESENCIAL,2019_2,
du4iZFK38v8DfS/Qowwl5A==,"5,8","0,0","0,8",-,"2,2",32,REMF,PRESENCIAL,2019_2,
q02S2jDfukaZlDIX0NFAMA==,"0,0","1,8","1,5",-,"1,1",28,REMF,PRESENCIAL,2019_2,
RdqwrQzeYq88NDrbjEOoGQ==,"5,8","3,9","6,6",-,"5,4",0,APRN,PRESENCIAL,2019_2,
g0tdNKRthdUvOCsdU5PIpQ==,"8,6","0,0","4,3","1,9","4,9",18,REP,PRESENCIAL,2019_2,"1,9"
ImNC5lM6/VOWueV8wY7Huw==,"4,4","4,0","6,9",-,"5,1",22,APRN,PRESENCIAL,2019_2,
pbgVIadsFSqH901aKr56wg==,"6,5","0,8","5,1","1,0","4,2",16,REP,PRESENCIAL,2019_2,"1,0"
RJq8qKcA/6ojZehpd3UVlQ==,"6,0","2,7","7,2","3,0","5,4",32,RENF,PRESENCIAL,2019_2,"3,0"
Su1QdoXIkPN5vJOJQMGKOA==,"8,4","1,8","6,8","2,0","5,7",28,RENF,PRESENCIAL,2019_2,"2,0"
ueJa1Qasg0urtlp88h6Uxw==,"5,1","9,2","7,5",-,"7,3",24,APR,PRESENCIAL,2019_2,
ZfNh4dOqY52A7lNSQ4PjSA==,"6,8","7,4","6,6",-,"6,9",15,APRN,PRESENCIAL,2019_2,
CRsoOfJ6mb+fV7+IiWi8lA==,"7,5","7,5","4,5",-,"6,5",28,REPF,PRESENCIAL,2019_2,
vmiAdBb2LyEEghb0Gxq55Q==,"5,1","1,9","2,4","0,5","3,1",16,REP,PRESENCIAL,2019_2,"0,5"
+5WNBZHuFwKUOzqlErRKuQ==,"6,9","4,9","5,9",-,"5,9",12,APRN,PRESENCIAL,2019_2,
mhfFF8U6oVcMOSi44ikeJg==,"10,0","10,0","10,0",-,"10,0",16,APR,PRESENCIAL,2019_2,
Q37Uyrz5Ax30P+rZ+AC1Zw==,"6,6","6,8","3,4",-,"5,6",22,APRN,PRESENCIAL,2019_2,
dgatOjfaEHvE0bGtrhhNcw==,"5,6","2,8","3,2","0,6","3,9",16,REP,PRESENCIAL,2019_2,"0,6"
/wQ3sFh8orFVmfwM5q5kcg==,"1,0","0,9","5,2",-,"2,4",4,REP,PRESENCIAL,2019_2,
b5Y8lH9UqSdPaAo1MwljJA==,"7,9","6,5","0,0","0,0","4,8",18,REP,PRESENCIAL,2019_2,"0,0"
Z5Z1xC8zqqGxHaG3L6dvAw==,"1,3","4,3","1,8",-,"2,5",22,REP,PRESENCIAL,2019_2,
V90TRy5BwLnURw6GMRA5rg==,"8,5","7,6","10,0",-,"8,7",22,APR,PRESENCIAL,2019_2,
5CwIfZyRB999Rinkn93ZZA==,"7,3","7,8","8,0",-,"7,7",22,APR,PRESENCIAL,2019_2,
xgym9iYYu72Kf3NBN6zVKA==,"7,0","7,0","7,0",-,"7,0",24,APR,PRESENCIAL,2019_2,
0ljRRkH5CDBJp2jmqUBM3A==,"4,4","2,3","0,0",-,"2,2",22,REP,PRESENCIAL,2019_2,
43MqKVirbDYUbhFacXs0hA==,"4,4","1,8","3,4","0,5","3,2",22,REP,PRESENCIAL,2019_2,"0,5"
lYe9058dA2Rsrx9dDprvtw==,"5,0","5,5","3,6","6,5","5,7",12,APR,PRESENCIAL,2019_2,"6,5"
c0HGJlTsPtit6OqZXso9xg==,"3,6","2,9","5,8","2,2","4,1",0,REP,PRESENCIAL,2019_2,"2,2"
J5blmzjOkLPBzE6RDjyDPw==,"7,0","9,0","7,5",-,"7,8",26,APR,PRESENCIAL,2019_2,
Qvr6Yj86IRu9TtD4cSh3ew==,"10,0","10,0","10,0",-,"10,0",30,REPF,PRESENCIAL,2019_2,
05K48IwbF3A5t01TTlXG5A==,"10,0","10,0","10,0",-,"10,0",12,APR,PRESENCIAL,2019_2,
/wPqjY6B7ncRgI1CHRtGig==,"8,0","9,3","8,1",-,"8,5",14,APR,PRESENCIAL,2019_2,
K/nt3Estw+nvthujMGXGgw==,"4,8","0,0","0,0",-,"1,6",18,REP,PRESENCIAL,2019_2,
ecmS1bmXE0FVOGjOJpSU5A==,"7,5","7,0","10,0",-,"8,2",30,REPF,PRESENCIAL,2019_2,
/fPJwS5PXFVC8YCEFqbnRg==,"5,8","5,7","6,9",-,"6,1",12,APRN,PRESENCIAL,2019_2,
vZpuT0rtNShxedip7Wb6AQ==,"6,7","1,3","1,4","0,0","3,1",14,REP,PRESENCIAL,2019_2,"0,0"
UYCzfoCXMaf/N0TZQMnCfA==,"7,9","2,0","2,7","0,0","4,2",28,REMF,PRESENCIAL,2019_2,"0,0"
xSpW7zDsaKq0NviedpGILg==,"8,6","9,0","9,0",-,"8,9",14,APR,PRESENCIAL,2019_2,
AIu1pLEVUwwUlRNi1aFEJQ==,"9,0","9,5","10,0",-,"9,5",12,APR,PRESENCIAL,2019_2,
ogiriEBc1PAHH7ENahArxg==,"6,0","4,3","7,1",-,"5,8",29,REPF,PRESENCIAL,2019_2,
gLpkPY+nHQEnFre8xZjiYg==,"8,0","9,5","10,0",-,"9,2",8,APR,PRESENCIAL,2019_2,
sfX97pKORZloKJ6WseM39A==,"0,8","1,3","0,0",-,"0,7",46,REMF,PRESENCIAL,2019_2,
zDpCf4dQdc9qpGVe3eOa5A==,"4,1","0,8","1,3",-,"2,1",8,REP,PRESENCIAL,2019_2,
aZhtPpmwqCHzUz1ybTCqdw==,"4,1","3,5","1,2",-,"2,9",24,REP,PRESENCIAL,2019_2,
MFgS7p0VxuWD9N0Qmhxvzw==,"5,5","5,1","10,0",-,"6,9",6,APRN,PRESENCIAL,2019_2,
3YsrnTzGWluZGaMopodGZQ==,"6,3","4,7","4,0",-,"5,0",18,APRN,PRESENCIAL,2019_2,
IA9qT1flrrY9aLT4JujzFg==,"4,8","4,0","6,5",-,"5,1",32,REPF,PRESENCIAL,2019_2,
uw92o/ekQpgP6lHKvhqeWQ==,"9,2","9,5","8,2",-,"9,0",24,APR,PRESENCIAL,2019_2,
n23O6xWGDyxUflI+8hY+XQ==,"7,9","6,5","5,2",-,"6,5",16,APRN,PRESENCIAL,2019_2,
A+ed39rNREZeyDnT0tj08A==,"10,0","10,0","10,0",-,"10,0",8,APR,PRESENCIAL,2019_2,
hdO2Ct0b4fTWN/aPAxKJ8A==,"6,0","7,4","8,8",-,"7,4",16,APR,PRESENCIAL,2019_2,
Qe5xstrdb8WrYM6mwpQ1qw==,"6,9","6,0","4,2",-,"5,7",24,APRN,PRESENCIAL,2019_2,
N27/5KkPB6Tzx0/LZmHPjg==,"7,7","0,0","2,1","0,0","3,3",28,REMF,PRESENCIAL,2019_2,"0,0"
KCD1ccHQELYKa3QRqaUkjQ==,"0,0","0,0","0,0",-,"0,0",68,REMF,PRESENCIAL,2019_2,
HhooazEj5IosLJGvUIbThQ==,"3,7","0,0","0,0",-,"1,2",28,REMF,PRESENCIAL,2019_2,
QNlUhHEHFskJ72vDCVue9A==,"10,0","10,0","10,0",-,"10,0",16,APR,PRESENCIAL,2019_2,
N9TN4v3PwvUwLF/tA6MtNw==,"5,1","0,0","7,4","1,2","4,6",10,REP,PRESENCIAL,2019_2,"1,2"
6/SdUSpAC9mpnOM6C2y5xQ==,"3,8","1,5","4,8","0,5","3,4",16,REP,PRESENCIAL,2019_2,"0,5"
QEamHPlERDD1DqrhXQmtuQ==,"4,4","0,0","0,0",-,"1,5",18,REP,PRESENCIAL,2019_2,
8DVOUQlSYnvv8SqB3pztiA==,"10,0","4,3","9,4",-,"7,9",28,REPF,PRESENCIAL,2019_2,
CuNhV+3ozDp+Y08hGTqsug==,"2,9","1,3","0,0",-,"1,4",28,REMF,PRESENCIAL,2019_2,
qZ5b9cVoDJL0UsG9QarHHQ==,"9,9","9,6","6,1",-,"8,5",24,APR,PRESENCIAL,2019_2,
3+RFPH98q1Bi1PLwtd0EUw==,"1,0","0,0","0,0",-,"0,3",101,REMF,PRESENCIAL,2019_2,
x6H5ttwXRAvVEIS0Sxb2pA==,"8,5","9,9","9,3",-,"9,2",24,APR,PRESENCIAL,2019_2,
H4og2GfH5LABj4v+dPS4xg==,"7,4","7,0","7,2",-,"7,2",20,APR,PRESENCIAL,2019_2,
enLTEK4zqKg+qj/MiVo8Zw==,"8,9","0,0","9,8","4,2","7,6",28,RENF,PRESENCIAL,2019_2,"4,2"
27yac663kjq6F5A3n6YSkA==,"6,8","3,5","1,5","2,5","4,3",18,REP,PRESENCIAL,2019_2,"2,5"
kDaHG35YuMyb9HmxqsJs4Q==,"6,4","7,0","7,8",-,"7,1",6,APR,PRESENCIAL,2019_2,
ckXaIZgbGBWYeGrqjXS1uw==,"3,0","8,4","3,7",-,"5,0",22,APRN,PRESENCIAL,2019_2,
MQZ+rPv2OgUNeSYXHgXH/Q==,"4,1","4,3","0,0",-,"2,8",26,REP,PRESENCIAL,2019_2,
QEM6TAfti7/9yTXP0EA8Ng==,"8,5","9,2","10,0",-,"9,2",6,APR,PRESENCIAL,2019_2,
sjTYZTZGXKLG5vrkb6ZL6A==,"3,5","1,7","5,7","5,7","5,0",32,RENF,PRESENCIAL,2019_2,"5,7"
sbeb1lYGXipA7DQ+xuBnYw==,"6,6","7,2","8,8",-,"7,5",0,APR,PRESENCIAL,2019_2,
QOtzgmOLJND5RqEyk0tQkA==,"10,0","8,9","8,3",-,"9,1",24,APR,PRESENCIAL,2019_2,
3wWzT4nJzMMDJSakHvAwvg==,"8,8","2,5","7,0","3,2","6,3",28,RENF,PRESENCIAL,2019_2,"3,2"
2co7FtMzOO/+OmjHhCWBsg==,"1,1","2,7","0,0",-,"1,3",54,REMF,PRESENCIAL,2019_2,
AwpiRjL72xKvF+HezOzZmg==,"10,0","10,0","10,0",-,"10,0",10,APR,PRESENCIAL,2019_2,
IMNT+tVHsKrl4WBkdr4WoA==,"1,4","0,0","0,0",-,"0,5",28,REMF,PRESENCIAL,2019_2,
9kYYyOBwa6QiyyRkMOalnA==,"5,2","3,3","6,7",-,"5,1",12,APRN,PRESENCIAL,2019_2,
LcUfVTVIzXn3SOZDvk1iuw==,"6,3","9,0","10,0",-,"8,4",12,APR,PRESENCIAL,2019_2,
U21Nl3ttK+ctWxJXaGKipg==,"8,5","6,0","7,3",-,"7,3",24,APR,PRESENCIAL,2019_2,
vNP/cFYzZFjniXsPoR8o7g==,"6,6","6,3","5,2",-,"6,0",6,APRN,PRESENCIAL,2019_2,
0Yc0yvuXp+Xf9nRScAWGaQ==,"3,0","2,0","2,8",-,"2,6",34,REMF,PRESENCIAL,2019_2,
KX/PLG7GKbCa21maJtiG9A==,"5,4","4,0","7,7",-,"5,7",22,APRN,PRESENCIAL,2019_2,
m/DMO6qDTQJSds2mMj/eYA==,"6,5","2,0","0,0",-,"2,8",70,REMF,PRESENCIAL,2019_2,
csRvmMFT9RaI45sQtCzw3g==,"7,4","7,0","8,9",-,"7,8",2,APR,PRESENCIAL,2019_2,
F+lbr7fjCQvutd9V4DUvxg==,"0,0","0,0","0,0",-,"0,0",106,REMF,PRESENCIAL,2019_2,
r8x/zOiI9x/ocvBhiHFEiQ==,"1,6","1,3","0,0",-,"1,0",46,REMF,PRESENCIAL,2019_2,
u3ZNaQqrsZHrnaAvl9vMmg==,"6,6","4,2","6,9",-,"5,9",30,REPF,PRESENCIAL,2019_2,
/fqytadPT9ro1YInjY1aRQ==,"10,0","2,3","7,4","3,2","6,9",16,APR,PRESENCIAL,2019_2,"3,2"
ztkFziE10tlHZlQfMuJxOw==,"9,5","5,5","5,5",-,"6,8",22,APRN,PRESENCIAL,2019_2,
ML6IkrHEvovFjAhJLqRDcw==,"7,5","10,0","9,0",-,"8,8",12,APR,PRESENCIAL,2019_2,
pfB+tmgRWUJ/UAYn0KfAPQ==,"5,3","1,0","0,1",-,"2,1",28,REMF,PRESENCIAL,2019_2,
nNcIcaBdb1RzYo4IMK+11Q==,"5,3","5,9","7,0",-,"6,1",0,APRN,PRESENCIAL,2019_2,
KD9X+bZ9hqC3oAU5bGkLPQ==,"7,5","4,0","8,8",-,"6,8",24,APRN,PRESENCIAL,2019_2,
KDFwFvXjWwgcDn50mqkcng==,"3,8","6,5","6,1",-,"5,5",18,APRN,PRESENCIAL,2019_2,
ecPVfckCNAznnLrOrGho6A==,"10,0","10,0","10,0",-,"10,0",0,APR,PRESENCIAL,2019_2,
RxlTpTe31QwN0+W+S3bSLg==,"5,8","3,4","8,1",-,"5,8",15,APRN,PRESENCIAL,2019_2,
JWlj1c4EMYw08km6q0tLFg==,"6,5","3,9","5,6",-,"5,3",26,APRN,PRESENCIAL,2019_2,
ezZISSzxiUXry7kvYH7Mlg==,"6,4","8,3","7,3",-,"7,3",4,APR,PRESENCIAL,2019_2,
MXpaVS4bBARdhda+Xxs02w==,"6,7","5,0","0,0","2,0","4,6",24,REP,PRESENCIAL,2019_2,"2,0"
/lYzXLv9Xd9tMvR/A4Jaiw==,"0,0","0,0","3,9",-,"1,3",96,REMF,PRESENCIAL,2019_2,
XSz32YNsiuRMvmBRM7heEw==,"7,0","8,3","5,8",-,"7,0",0,APR,PRESENCIAL,2019_2,
iqywWCUx5IntGnLCQQMf+g==,"6,5","0,8","2,8","0,0","3,4",28,REMF,PRESENCIAL,2019_2,"0,0"
ArVLT3AWNTq4JUMzMPQMVg==,"6,3","1,9","0,9","0,0","3,0",14,REP,PRESENCIAL,2019_2,"0,0"
pRhc+Jc2EUDdnltLuFQWhQ==,"2,4","1,9","2,0",-,"2,1",2,REP,PRESENCIAL,2019_2,
U5cwFIEarjb+uZDKs1qdyg==,"8,8","6,4","6,6",-,"7,3",26,APR,PRESENCIAL,2019_2,
0YcI8RsPQPqUaZmHLUB1Eg==,"6,5","1,1","8,7","6,0","7,1",26,APR,PRESENCIAL,2019_2,"6,0"
IexcUEShD57uI1iCDPjUag==,"5,3","3,3","1,4","7,8","5,5",0,APR,PRESENCIAL,2019_2,"7,8"
dlbzdvfmUzfKqTLvmXeJ+A==,"7,0","5,3","8,0",-,"6,8",10,APRN,PRESENCIAL,2019_2,
oKBcUFLnQKPNOjCR0JI2XQ==,"8,0","3,5","7,3",-,"6,3",24,APRN,PRESENCIAL,2019_2,
O4H2r7IEcCxfaFNzJkrflw==,"5,8","3,0","3,0","8,5","5,8",24,APR,PRESENCIAL,2019_2,"8,5"
oCXsZbIaKFSs6Ral1XxgSQ==,"5,0","0,0","0,0",-,"1,7",40,REMF,PRESENCIAL,2019_2,
QUKgKALD/PtZmg+hbBBGWw==,"7,0","0,8","5,2","3,0","5,1",26,APR,PRESENCIAL,2019_2,"3,0"
HUDyl30tqvHbOJBR4STIeQ==,"4,1","1,1","5,6","2,3","4,0",24,REP,PRESENCIAL,2019_2,"2,3"
yGNhWBcujv1HczVsbW2deg==,"10,0","10,0","10,0",-,"10,0",10,APR,PRESENCIAL,2019_2,
xrwcxwcFwIR1xt7uTHNw/g==,"3,5","0,8","4,7","0,5","3,0",14,REP,PRESENCIAL,2019_2,"0,5"
BvNds70UrEXMbcyGt87kfA==,"1,0","0,2","0,0",-,"0,4",65,REMF,PRESENCIAL,2019_2,
GMTceLLPUbFysTBRlA8zkg==,"8,2","6,5","4,5",-,"6,4",22,APRN,PRESENCIAL,2019_2,
tM0EIAsJJlghvGVrE1zsuA==,"10,0","10,0","10,0",-,"10,0",14,APR,PRESENCIAL,2019_2,
HECQgsuO6bSJEzhGd5qArw==,"5,5","2,7","3,1","0,0","3,8",18,REP,PRESENCIAL,2019_2,"0,0"
x5I4/9DLRssdhT4/LFQfdw==,"9,0","5,0","7,0",-,"7,0",20,APR,PRESENCIAL,2019_2,
fhqRihr4S4JCSxG+MYn37Q==,"5,9","2,0","1,1","0,0","3,0",28,REMF,PRESENCIAL,2019_2,"0,0"
QKcUMzpo8IJzS6S/LVe44Q==,"9,5","9,5","8,4",-,"9,1",0,APR,PRESENCIAL,2019_2,
4iYuM/B9eWO/mtqxlMvyEA==,"3,6","0,0","1,2",-,"1,6",51,REMF,PRESENCIAL,2019_2,
+z5nC2qr8skGOg0yBdqFgg==,"3,9","2,0","0,0",-,"2,0",18,REP,PRESENCIAL,2019_2,
qiw7FJJlg1QWZoxtDEkOng==,"1,6","3,4","4,0","0,0","3,0",0,REP,PRESENCIAL,2019_2,"0,0"
+FGRjtdFS9Vrgd58nT1XNA==,"4,3","3,4","6,1","3,0","4,6",0,REP,PRESENCIAL,2019_2,"3,0"
ojxkWiaLdtPQ0aSvTyvhbQ==,"2,6","1,0","0,0",-,"1,2",76,REMF,PRESENCIAL,2019_2,
tEz01StYZv4wrhmeMX2CSw==,"9,6","7,4","10,0",-,"9,0",24,APR,PRESENCIAL,2019_2,
MhgQPD18qRL+acQap9CXMg==,"10,0","9,5","7,5",-,"9,0",30,REPF,PRESENCIAL,2019_2,
1mquIiZURtHbOBG7RqM4jw==,"6,4","4,2","6,4",-,"5,7",18,APRN,PRESENCIAL,2019_2,
S9AjE4A+2Y4fXc+cj+4nJw==,"3,5","1,5","6,8","4,6","5,0",28,RENF,PRESENCIAL,2019_2,"4,6"
5++qPhyyYd2T8mMfpE5HCw==,"7,7","5,2","6,1",-,"6,3",22,APRN,PRESENCIAL,2019_2,
QMXz11+22xVlHVkdxMZwxw==,"2,2","5,2","4,0","1,4","3,8",0,REP,PRESENCIAL,2019_2,"1,4"
GaMk9TTFli90NxRLmMmbgg==,"7,8","6,2","7,9",-,"7,3",24,APR,PRESENCIAL,2019_2,
pS3YlfwBv/6DYDtYL7iD8A==,"10,0","10,0","9,0",-,"9,7",8,APR,PRESENCIAL,2019_2,
vdsThazjqdXZHzTh7Neg2A==,"2,9","3,4","8,0","4,2","5,2",0,APR,PRESENCIAL,2019_2,"4,2"
q0AP0ECjY5+tkRrl+6Xy6A==,"8,0","4,0","7,0",-,"6,3",22,APRN,PRESENCIAL,2019_2,
anhgBm7sci6a0ohBEdxi8Q==,"10,0","9,5","10,0",-,"9,8",6,APR,PRESENCIAL,2019_2,
5LLbhZDFwDoVlwjZMqwfnA==,"2,7","2,5","0,0",-,"1,7",0,REP,PRESENCIAL,2019_2,
hHcZU25Bp17efrlSsa1sSA==,"8,6","6,8","4,6",-,"6,7",26,APRN,PRESENCIAL,2019_2,
WKRexOPYpih1682XOfMXoA==,"3,0","3,5","0,0",-,"2,2",44,REMF,PRESENCIAL,2019_2,
KiclqitGYa2JI8A41FLaRA==,"3,8","2,5","6,6","5,3","5,2",22,APR,PRESENCIAL,2019_2,"5,3"
gvDc4OULtpCxT6v3qD87tw==,"2,5","0,0","0,0",-,"0,8",28,REMF,PRESENCIAL,2019_2,
ksrzOJFUFH/R6j+LB4rkFA==,"5,5","4,8","10,0",-,"6,8",18,APRN,PRESENCIAL,2019_2,
xGcp9IDRybxCpjvGTZWz9A==,"5,1","1,9","1,6",-,"2,9",16,REP,PRESENCIAL,2019_2,
75nk5lZ6PfrrOMaeniVQHQ==,"1,0","0,0","2,0",-,"1,0",12,REP,PRESENCIAL,2019_2,
30DS9LmEcX/zSujO5M9Rvw==,"10,0","10,0","10,0",-,"10,0",28,REPF,PRESENCIAL,2019_2,
1MybiXc6sodqKzfqY38vEQ==,"1,3","0,3","0,0",-,"0,5",30,REMF,PRESENCIAL,2019_2,
X5VK5Cd1jNb5S/aWZI4Y/g==,"4,5","0,0","0,0",-,"1,5",82,REMF,PRESENCIAL,2019_2,
NIUuKzySuQAtP6mi3w4K8g==,"10,0","10,0","10,0",-,"10,0",4,APR,PRESENCIAL,2019_2,
SEP05wY6Dh0vd8sWD/MyQg==,"1,6","2,6","1,3",-,"1,8",16,REP,PRESENCIAL,2019_2,
9zIykKXiz69Gh92znqb8XQ==,"3,6","1,0","0,0",-,"1,5",85,REMF,PRESENCIAL,2019_2,
7QZCP2yqzCJ0X8r3LJ2tsg==,"0,9","5,3","5,9","8,0","6,4",0,APR,PRESENCIAL,2019_2,"8,0"
rastekohxAKhwlgCDIyaIw==,"7,6","9,0","7,6",-,"8,1",24,APR,PRESENCIAL,2019_2,
K4FxukXcKlSLIZt6VgEdKg==,"5,0","5,0","7,0",-,"5,7",4,APRN,REMOTO,2020_1,
WfIgZ8lg/hHsr2g7Ibwl5w==,"0,0","0,0","0,0",-,"0,0",84,REMF,REMOTO,2020_1,
AQEsYQOUDc0Ud08uO57FaQ==,"0,0","0,0","0,0",-,"0,0",84,REMF,REMOTO,2020_1,
KZ4MNV8Ow3hVxSn3yFzrng==,"4,9","4,9","5,2",-,"5,0",20,APRN,REMOTO,2020_1,
1PqXKSxi2jZ1ckCKfKYPMA==,"0,1","0,1","0,0",-,"0,1",72,REMF,REMOTO,2020_1,
/ZffNNgsk8I1i3BfDgCm+w==,"5,7","5,7","9,2",-,"6,9",4,APRN,REMOTO,2020_1,
yev7/aU1BAn7VXkuQv2IzQ==,"8,1","8,1","9,5",-,"8,6",0,APR,REMOTO,2020_1,
N3pnYoKpB4SF63RcGtsSQw==,"3,0","3,0","0,0",-,"2,0",32,REMF,REMOTO,2020_1,
8XKTTZot/hwDA0ttNGId+w==,"0,9","0,9","0,0",-,"0,6",66,REMF,REMOTO,2020_1,
RVlqx6bTmMh0AUtJ7cEZvQ==,"3,9","3,9","4,1",-,"4,0",32,REMF,REMOTO,2020_1,
1ixyhxaqTlUIP9XW6eNyAw==,"7,6","7,6","9,7",-,"8,3",0,APR,REMOTO,2020_1,
dziRu4tvA4jfAy0tVh6cAg==,"7,3","7,3","9,8",-,"8,1",8,APR,REMOTO,2020_1,
MpLR1wzGW0nSSaOAj6Tu6A==,"4,0","4,0","9,3",-,"5,8",2,APRN,REMOTO,2020_1,
88dnSCGf8A1xVGTLo1ZKtA==,"2,4","2,4","8,0","3,5","4,6",14,REP,REMOTO,2020_1,"3,5"
j3GsQRIbeYrvP7J/PssJWA==,"0,0","0,0","0,0",-,"0,0",76,REMF,REMOTO,2020_1,
TNA2D7e7akfL2z63xRQZvQ==,"10,0","10,0","9,0",-,"9,7",0,APR,REMOTO,2020_1,
2VEjOQFUI+rT5Ku1sMSCVQ==,"0,0","0,0","0,0",-,"0,0",64,REMF,REMOTO,2020_1,
9ZJf0NkP0JaCdfnF23kd1w==,"7,5","8,1","0,0","0,0","5,2",20,REPN,REMOTO,2020_1,"0,0"
d8FlZ9zN0trN+m1Qu3Wvvw==,"2,3","2,3","0,0",-,"1,5",60,REMF,REMOTO,2020_1,
KI26qtTPHhcFdzpVV/d0sw==,"6,5","6,5","6,0",-,"6,3",0,APRN,REMOTO,2020_1,
+qRTFo3+Cmb7ktmWUVN3QA==,"0,0","0,0","0,0",-,"0,0",70,REMF,REMOTO,2020_1,
PN7mqmhOYV2adJTPEux9HQ==,"5,1","5,1","8,6",-,"6,3",0,APRN,REMOTO,2020_1,
A7a1dpR8Wj5nfY4CRdRTdA==,"4,4","4,4","7,0",-,"5,3",0,APRN,REMOTO,2020_1,
iWsxg0FXSKo80J+jIwP8LA==,"6,2","6,2","9,2",-,"7,2",4,APR,REMOTO,2020_1,
b0amQK3U0UZytB1iBtFuRg==,"6,0","6,0","10,0",-,"7,3",10,APR,REMOTO,2020_1,
yhZB9dGBcg4JNPEA0ftTLA==,"5,8","5,8","0,0",-,"3,9",26,REC,REMOTO,2020_1,
azq05gqOK57V7grGKZT+Vw==,"0,0","0,0","0,0",-,"0,0",66,REMF,REMOTO,2020_1,
5DNfCwMJR6hiOBmJPNTmEA==,"6,8","6,8","4,0",-,"5,9",4,APRN,REMOTO,2020_1,
s6lTa6ivL2xMleueS3Xzpg==,"5,8","5,8","9,7",-,"7,1",0,APR,REMOTO,2020_1,
E7yy5tjjYGP/T6GkmFwPfg==,"0,8","0,8","0,0",-,"0,5",80,REMF,REMOTO,2020_1,
I8/Onbm2AONURJj7OoXuTg==,"4,9","4,9","8,0",-,"5,9",0,APRN,REMOTO,2020_1,
43ZOWCPFyUGu9BK1+cBOQw==,"1,1","1,1","0,0",-,"0,7",74,REMF,REMOTO,2020_1,
UUYxznh+Iay6QuXea8ZSPA==,"0,0","0,0","0,0",-,"0,0",78,REMF,REMOTO,2020_1,
z2AIOBCPS4fOVqeOsg2zrw==,"4,0","4,0","0,0",-,"2,7",6,REP,REMOTO,2020_1,
alsUiAvQT4SNVY86Caw2Yg==,"0,7","0,7","0,0",-,"0,5",80,REMF,REMOTO,2020_1,
wFBamZBleEqk4Sm9w8viXw==,"7,1","10,0","10,0",-,"9,0",6,APR,REMOTO,2020_1,
k6uNqCMotQZAnABq3s9S7g==,"7,9","7,9","8,0",-,"7,9",0,APR,REMOTO,2020_1,
h9HCLK60wEb4qCCSMiBIGg==,"5,8","5,8","7,0",-,"6,2",4,APRN,REMOTO,2020_1,
5Q7nwGatXNKd89zIzzbZyA==,"8,6","8,6","5,1",-,"7,4",10,APR,REMOTO,2020_1,
y2Q5kgJGzPiyjGyDO3om+g==,"3,7","3,7","7,5",-,"5,0",4,APRN,REMOTO,2020_1,
96EBvJxbEtgQ10sBZx8I8A==,"2,3","2,3","0,0",-,"1,5",62,REMF,REMOTO,2020_1,
4UlFUfcEWI5u8A8GGfyTeQ==,"4,6","4,6","9,1",-,"6,1",6,APRN,REMOTO,2020_1,
NOnVQAoQSIdkXdcAo8kamw==,"8,3","8,3","6,2",-,"7,6",0,APR,REMOTO,2020_1,
RwpSgEDezkOZDkVkdaHPBA==,"5,8","5,8","0,0",-,"3,9",36,REMF,REMOTO,2020_1,
7gvreWUfweEwKfA4c2BQMQ==,"6,9","6,9","8,6",-,"7,5",0,APR,REMOTO,2020_1,
gE5q863uq2bITrcKIibFqA==,"9,8","9,8","8,5",-,"9,4",0,APR,REMOTO,2020_1,
N7P1wrxQiEbeUfCgi1a1ew==,"3,2","3,2","0,0",-,"2,1",50,REMF,REMOTO,2020_1,
etfFxXQSVcCqf7ABR97Wyg==,"7,1","8,1","9,0",-,"8,1",10,APR,REMOTO,2020_1,
SDjUIOKxWUCVazlewk7ifw==,"10,0","10,0","9,5",-,"9,8",0,APR,REMOTO,2020_1,
L7jCh4VyJL5Al91YCnHPbg==,"3,1","3,1","0,0",-,"2,1",52,REMF,REMOTO,2020_1,
2pvQGkM0S5qzAlQTxMMQfA==,"5,8","5,8","6,0",-,"5,9",4,APRN,REMOTO,2020_1,
3W2dynIBA9R44b0LgRVrPQ==,"7,6","7,6","6,8",-,"7,3",4,APR,REMOTO,2020_1,
jBVB+G0zGSA0N5pzQUGn9w==,"5,0","5,0","7,2",-,"5,7",10,APRN,REMOTO,2020_1,
hEz3oWLrgyQ5TrcByuPWbw==,"2,1","2,1","0,0",-,"1,4",0,REP,REMOTO,2020_1,
EICIR5o6/Vk/u+5qBG27wQ==,"7,5","7,5","8,8",-,"7,9",16,APR,REMOTO,2020_1,
90yGstEu+6TLfI9O4y8YCg==,"7,6","7,6","8,6",-,"7,9",8,APR,REMOTO,2020_1,
1YZC/3ncseMmttSNuCBqOg==,"8,6","8,6","4,1",-,"7,1",0,APR,REMOTO,2020_1,
466UUZxRAch6L9rIWMl7Vg==,"9,5","9,5","8,5",-,"9,2",0,APR,REMOTO,2020_1,
u/+WbkJnX+AVN5NeYiiwiQ==,"6,2","6,2","1,2","1,3","4,6",0,REP,REMOTO,2020_1,"1,3"
1iJMLMMqetP8dNC9o9+2iQ==,"6,4","6,4","4,6",-,"5,8",20,APRN,REMOTO,2020_1,
b7hIX9hwjVMoada1YC0euA==,"0,0","0,0","0,0",-,"0,0",76,REMF,REMOTO,2020_1,
1Ze0R4sfKm+67qGEOWJwSg==,"7,4","7,4","9,5",-,"8,1",0,APR,REMOTO,2020_1,
q02S2jDfukaZlDIX0NFAMA==,"8,6","10,0","9,2",-,"9,3",18,APR,REMOTO,2020_1,
WH5O/35QG+zp3aaKo5weng==,"0,2","0,2","0,0",-,"0,1",32,REMF,REMOTO,2020_1,
g0tdNKRthdUvOCsdU5PIpQ==,"6,9","6,9","8,5",-,"7,4",10,APR,REMOTO,2020_1,
pbgVIadsFSqH901aKr56wg==,"5,4","5,4","9,3",-,"6,7",8,APRN,REMOTO,2020_1,
Su1QdoXIkPN5vJOJQMGKOA==,"6,4","6,4","8,4",-,"7,1",18,APR,REMOTO,2020_1,
DoDJU5ahqN3Vg5GJyWaFzA==,"3,7","3,9","0,0",-,"2,5",20,REP,REMOTO,2020_1,
vmiAdBb2LyEEghb0Gxq55Q==,"4,4","4,4","6,1",-,"5,0",0,APRN,REMOTO,2020_1,
CF/GAilAq47zsQdIobFPdg==,"5,8","5,8","9,7",-,"7,1",2,APR,REMOTO,2020_1,
/wQ3sFh8orFVmfwM5q5kcg==,"0,6","0,6","0,0",-,"0,4",76,REMF,REMOTO,2020_1,
Z5Z1xC8zqqGxHaG3L6dvAw==,"0,0","0,0","0,0",-,"0,0",54,REMF,REMOTO,2020_1,
LhCy3/j7i9pSYEWVlUW8ag==,"1,9","1,9","0,0",-,"1,3",0,REP,REMOTO,2020_1,
Bq4/k5/rSNG+dgC9aR+Fgg==,"7,7","7,7","9,0",-,"8,1",14,APR,REMOTO,2020_1,
0ljRRkH5CDBJp2jmqUBM3A==,"0,0","0,0","0,0",-,"0,0",70,REMF,REMOTO,2020_1,
43MqKVirbDYUbhFacXs0hA==,"7,9","7,9","9,0",-,"8,3",2,APR,REMOTO,2020_1,
sfX97pKORZloKJ6WseM39A==,"8,6","8,6","8,0",-,"8,4",2,APR,REMOTO,2020_1,
aZhtPpmwqCHzUz1ybTCqdw==,"0,7","0,7","0,0",-,"0,5",18,REP,REMOTO,2020_1,
qbIG9dm8kb4ov+xtk3uuCA==,"0,5","0,5","0,0",-,"0,3",72,REMF,REMOTO,2020_1,
9tI1/6c/yFLZS3wgJh6qYQ==,"0,0","0,0","0,0",-,"0,0",90,REMF,REMOTO,2020_1,
N27/5KkPB6Tzx0/LZmHPjg==,"3,8","4,0","0,0",-,"2,6",28,REMF,REMOTO,2020_1,
KCD1ccHQELYKa3QRqaUkjQ==,"7,2","7,2","9,5",-,"8,0",0,APR,REMOTO,2020_1,
c6tmYEwjBSEMqWEkEfG9Ug==,"5,6","5,6","0,0",-,"3,7",40,REMF,REMOTO,2020_1,
6/SdUSpAC9mpnOM6C2y5xQ==,"4,9","4,9","9,4",-,"6,4",0,APRN,REMOTO,2020_1,
YbnswDnn8LaJDry8hvoUkQ==,"1,9","1,9","7,0","4,5","4,5",0,REP,REMOTO,2020_1,"4,5"
CuNhV+3ozDp+Y08hGTqsug==,"0,6","0,6","0,0",-,"0,4",64,REMF,REMOTO,2020_1,
QKfc6e+28QxfWdo/vKPiiA==,"6,0","6,0","8,1",-,"6,7",10,APRN,REMOTO,2020_1,
2hX7of9eY0xtWVaR6v7yxg==,"7,0","7,0","7,0",-,"7,0",12,APR,REMOTO,2020_1,
27yac663kjq6F5A3n6YSkA==,"6,5","6,5","7,5",-,"6,8",4,APRN,REMOTO,2020_1,
3XC3UnZTNpPALpRCWND6Rw==,"1,9","1,9","0,0",-,"1,3",10,REP,REMOTO,2020_1,
MQZ+rPv2OgUNeSYXHgXH/Q==,"5,5","5,5","5,6",-,"5,5",6,APRN,REMOTO,2020_1,
exfea55H7FmjsWZUTeBqEw==,"0,0","0,0","0,0",-,"0,0",82,REMF,REMOTO,2020_1,
2co7FtMzOO/+OmjHhCWBsg==,"7,7","7,9","8,8",-,"8,1",20,APR,REMOTO,2020_1,
DGwn7D1JEO2QYmUdCisaUA==,"5,8","5,8","0,0",-,"3,9",28,REMF,REMOTO,2020_1,
qtgErZxIDV/d4uoWPDFYTg==,"0,0","0,0","0,0",-,"0,0",78,REMF,REMOTO,2020_1,
0Yc0yvuXp+Xf9nRScAWGaQ==,"2,1","2,1","6,1","2,5","3,6",18,REP,REMOTO,2020_1,"2,5"
m/DMO6qDTQJSds2mMj/eYA==,"5,6","5,6","9,4",-,"6,9",6,APRN,REMOTO,2020_1,
qipsWRdDwh/fLJbT6QbiNw==,"4,5","6,1","0,0","0,0","3,5",20,REP,REMOTO,2020_1,"0,0"
S3ZwH10QHxfhNd00QsnvHw==,"7,7","7,7","8,0",-,"7,8",0,APR,REMOTO,2020_1,
pfB+tmgRWUJ/UAYn0KfAPQ==,"0,9","0,9","0,0",-,"0,6",68,REMF,REMOTO,2020_1,
lwpVIXQ5Jh/GDciMYZf+LQ==,"5,7","7,1","6,4",-,"6,4",8,APRN,REMOTO,2020_1,
ATkmOS2a52BIxPZcMhVf1Q==,"5,2","5,2","9,4",-,"6,6",2,APRN,REMOTO,2020_1,
r2v1X4oR4Qbd7sNO39lauw==,"6,7","6,7","7,7",-,"7,0",20,APR,REMOTO,2020_1,
MXpaVS4bBARdhda+Xxs02w==,"7,4","7,4","9,5",-,"8,1",0,APR,REMOTO,2020_1,
/lYzXLv9Xd9tMvR/A4Jaiw==,"4,3","4,3","9,4",-,"6,0",8,APRN,REMOTO,2020_1,
skR1mGTMMkcjWOjrBPTZWw==,"7,2","7,2","9,4",-,"7,9",2,APR,REMOTO,2020_1,
dhOW9iU6lgI9UXRZ11edbA==,"2,9","2,9","0,0",-,"1,9",58,REMF,REMOTO,2020_1,
TLPHPi5N8ubBDGw/XmhKCQ==,"9,8","9,8","9,0",-,"9,5",2,APR,REMOTO,2020_1,
Na/vzqUOZZBeEDzEp+SmFA==,"4,2","4,2","0,0",-,"2,8",2,REP,REMOTO,2020_1,
xrwcxwcFwIR1xt7uTHNw/g==,"3,0","3,0","7,2","2,6","4,4",20,REP,REMOTO,2020_1,"2,6"
HECQgsuO6bSJEzhGd5qArw==,"5,6","5,8","9,3",-,"6,9",22,APRN,REMOTO,2020_1,
rqr0pDYg4oMvg+3saigfmA==,"0,9","0,9","0,0",-,"0,6",70,REMF,REMOTO,2020_1,
KdrjSoeYJ/xPQLCkskcA+w==,"0,0","0,0","0,0",-,"0,0",76,REMF,REMOTO,2020_1,
fhqRihr4S4JCSxG+MYn37Q==,"4,4","4,4","7,6",-,"5,5",18,APRN,REMOTO,2020_1,
+z5nC2qr8skGOg0yBdqFgg==,"5,6","6,4","6,5",-,"6,2",12,APRN,REMOTO,2020_1,
qiw7FJJlg1QWZoxtDEkOng==,"6,7","6,7","7,0",-,"6,8",2,APRN,REMOTO,2020_1,
+FGRjtdFS9Vrgd58nT1XNA==,"5,8","5,8","7,1",-,"6,2",20,APRN,REMOTO,2020_1,
twKgc+foKOGMTyX0OZenrw==,"7,1","7,1","9,8",-,"8,0",8,APR,REMOTO,2020_1,
lr/d0W2hRWOVjkn7laG9Zw==,"7,2","7,2","9,0",-,"7,8",0,APR,REMOTO,2020_1,
q+Lgwgd++y6GwDYyMaeryA==,"6,5","6,5","6,5",-,"6,5",0,APRN,REMOTO,2020_1,
x5q8AzlYYr54H7hJxqj/1g==,"5,6","5,6","3,7",-,"5,0",2,APRN,REMOTO,2020_1,
MlhB2+LhLD/GQZz5r38iiQ==,"5,2","5,2","0,0",-,"3,5",60,REMF,REMOTO,2020_1,
/5f2A3R091DF8jgkpBBrzw==,"0,0","0,0","0,0",-,"0,0",2,REP,REMOTO,2020_1,
B7CfJld6L8cjAY5rtmws9A==,"0,0","0,0","0,0",-,"0,0",84,REMF,REMOTO,2020_1,
5LLbhZDFwDoVlwjZMqwfnA==,"6,4","6,4","9,0",-,"7,3",4,APR,REMOTO,2020_1,
WKRexOPYpih1682XOfMXoA==,"4,0","4,0","0,0",-,"2,7",14,REP,REMOTO,2020_1,
gvDc4OULtpCxT6v3qD87tw==,"3,8","4,0","7,1",-,"5,0",22,APRN,REMOTO,2020_1,
oiK20COdbJP7E9RtUgFovA==,"0,0","0,0","0,0",-,"0,0",84,REMF,REMOTO,2020_1,
xGcp9IDRybxCpjvGTZWz9A==,"4,8","4,8","9,1",-,"6,2",2,APRN,REMOTO,2020_1,
1MybiXc6sodqKzfqY38vEQ==,"6,9","6,9","9,4",-,"7,7",0,APR,REMOTO,2020_1,
cisGEXXHihbS+7Ur8QmP6w==,"5,1","5,1","4,0","0,0","4,7",4,REP,REMOTO,2020_1,"0,0"
++O6neiz5ToGkpH9yLJ05w==,"4,8","5,8","0,0","0,0","3,5",20,REP,REMOTO,2020_1,"0,0"
tfkuMTPZjYtRF3zXq8g4ig==,"0,0","0,0","0,0",-,"0,0",66,REMF,REMOTO,2020_1,
s6rICmC4FwLcgqL0JMovGw==,"6,6","6,6","7,7",-,"7,0",0,APR,REMOTO,2020_1,
aDAINmZoh0s3xelD1J2+1A==,"1,2","1,2","0,0",-,"0,8",2,REP,REMOTO,2020_1,
AwnCbOcje9K7kEBu46VTVA==,"3,7","2,5","1,0",-,"2,4",0,REP,REMOTO,2020_2,
r8bsCO4gKfTm3MPbiDxM6Q==,"4,9","1,7","0,0",-,"2,2",28,REMF,REMOTO,2020_2,
Rpfm3W27uzNgtAbFv9lPkw==,"8,6","6,3","6,0",-,"7,0",6,APR,REMOTO,2020_2,
1PqXKSxi2jZ1ckCKfKYPMA==,"8,9","3,3","8,9",-,"7,0",20,APR,REMOTO,2020_2,
iZ2To4jnnkIczoPh1JvuNQ==,"1,5","0,0","0,0",-,"0,5",58,REMF,REMOTO,2020_2,
xABt7zDZtC6j3VYAwoFgfw==,"0,9","0,0","0,0",-,"0,3",52,REMF,REMOTO,2020_2,
N3pnYoKpB4SF63RcGtsSQw==,"3,8","0,1","0,0",-,"1,3",34,REMF,REMOTO,2020_2,
8XKTTZot/hwDA0ttNGId+w==,"7,0","1,7","2,7","9,0","6,2",26,APR,REMOTO,2020_2,"9,0"
9VNYw1hK3DSCJQ6I1yqreQ==,"9,4","9,0","7,0",-,"8,5",0,APR,REMOTO,2020_2,
1n7LVRJvAf9IKPZscXdhVg==,"10,0","7,1","0,0","9,0","8,7",12,APR,REMOTO,2020_2,"9,0"
G3RtdPIgrCri2kI3FFCYpA==,"0,2","0,0","0,0",-,"0,1",0,REP,REMOTO,2020_2,
NZX9kBoTOcrSadDKQWiPBg==,"0,0","0,0","0,0",-,"0,0",88,REMF,REMOTO,2020_2,
RVlqx6bTmMh0AUtJ7cEZvQ==,"4,3","4,3","0,0",-,"2,9",60,REMF,REMOTO,2020_2,
UljT/m6dv6Sdwa9wSDXPxg==,"9,6","6,2","9,0",-,"8,3",0,APR,REMOTO,2020_2,
WTl6Q+W/SkFGvOvEtwawyQ==,"7,7","7,7","7,8",-,"7,7",0,APR,REMOTO,2020_2,
Hfru9G+m73/JitwA9UbeYQ==,"9,3","9,0","10,0",-,"9,4",0,APR,REMOTO,2020_2,
qVYxdgXS93yJjrng6JsAjw==,"8,8","9,8","9,6",-,"9,4",0,APR,REMOTO,2020_2,
mho6/s5LDR3h97qn83bH1A==,"10,0","10,0","9,3",-,"9,8",0,APR,REMOTO,2020_2,
L6ArhiDEw+3NxgFJHWVkwQ==,"5,4","5,4","0,0",-,"3,6",48,REMF,REMOTO,2020_2,
qSbS8pEFQTkJcSJK8CnOyg==,"4,6","4,6","0,0",-,"3,1",50,REMF,REMOTO,2020_2,
GrzjH073ZyUX3LPjt47Q4g==,"4,4","1,6","0,0",-,"2,0",48,REMF,REMOTO,2020_2,
BCIf+2T0dAb6ocFBPjnEGw==,"8,3","3,3","0,0","0,0","3,9",0,REP,REMOTO,2020_2,"0,0"
Ny5TxwtfFvLYUy9xh5mDeQ==,"5,1","0,0","0,0",-,"1,7",46,REMF,REMOTO,2020_2,
CkTuyFM3fjUIkFmKSy5HzQ==,"10,0","10,0","10,0",-,"10,0",12,APR,REMOTO,2020_2,
Bdv3ttTSsym8jEDHGY+UQA==,"0,8","1,9","0,0",-,"0,9",72,REMF,REMOTO,2020_2,
+Qxq4bYd9SnxjpKBFHsk1A==,"8,6","8,6","4,7",-,"7,3",16,APR,REMOTO,2020_2,
jt93ueBLZWCVq/+0uYZ/GA==,"5,2","5,2","0,0",-,"3,5",48,REMF,REMOTO,2020_2,
fEE8S6bHtqIOwVz+lBa3dQ==,"8,1","8,1","9,0",-,"8,4",10,APR,REMOTO,2020_2,
wrqyh9WcJwqgWEynQxcnMg==,"7,3","9,3","6,8",-,"7,8",18,APR,REMOTO,2020_2,
o1Lo7xjcvE/CDdcpqyVy7g==,"10,0","7,2","5,0",-,"7,4",0,APR,REMOTO,2020_2,
SeGzoQByEAI/+NFAoxAGVQ==,"6,7","1,1","0,0",-,"2,6",0,REP,REMOTO,2020_2,
2VEjOQFUI+rT5Ku1sMSCVQ==,"0,0","0,0","0,0",-,"0,0",0,REP,REMOTO,2020_2,
9ZJf0NkP0JaCdfnF23kd1w==,"5,2","4,7","10,0",-,"6,6",4,APRN,REMOTO,2020_2,
kakvKBmtmbTacBNA3YMgvQ==,"10,0","10,0","10,0",-,"10,0",0,APR,REMOTO,2020_2,
65sPmUkCAKwk5lfUlyhCAA==,"4,8","2,1","1,8",-,"2,9",12,REP,REMOTO,2020_2,
i0tFwNY1yHFm1WGorBwmKg==,"8,9","2,8","0,0","0,0","3,9",0,REP,REMOTO,2020_2,"0,0"
7OO0Z/PZ3kmQ7uEvFq1lew==,"9,6","5,1","7,8",-,"7,5",6,APR,REMOTO,2020_2,
1x57/flbDArZXnP6yyG9dw==,"6,7","0,2","0,0",-,"2,3",40,REMF,REMOTO,2020_2,
1EAECKX1g8bSxo64321+1w==,"5,5","5,5","8,4",-,"6,5",20,APRN,REMOTO,2020_2,
is2jWdCJ9kBohrJZ55JhQg==,"6,1","5,8","4,1",-,"5,3",24,APRN,REMOTO,2020_2,
A1QUZ1Yk0h3cn0kb888eyA==,"0,0","0,0","0,0",-,"0,0",52,REMF,REMOTO,2020_2,
FqmXOVLOQN9RtKZVlt+wwQ==,"6,6","0,0","0,0",-,"2,2",46,REMF,REMOTO,2020_2,
htNfy0yc+G3nfyyAqvy/SQ==,"2,9","0,2","0,0",-,"1,0",52,REMF,REMOTO,2020_2,
tJjxWh9zpxnk5rK28jjukg==,"0,0","1,3","0,0",-,"0,4",76,REMF,REMOTO,2020_2,
yhZB9dGBcg4JNPEA0ftTLA==,"7,0","4,4","5,1",-,"5,5",2,APRN,REMOTO,2020_2,
UNhFmVaml0lNCly7zpvwEA==,"8,4","8,4","7,4",-,"8,1",10,APR,REMOTO,2020_2,
Pjt/+DaVyt4xuoz7J1KxiQ==,"0,0","0,0","0,0",-,"0,0",76,REMF,REMOTO,2020_2,
Y2RCqb2xt7us+qIXU9sz/Q==,"0,0","0,0","0,0",-,"0,0",0,REP,REMOTO,2020_2,
imVEW2pXw+a3s1QFqvLKbg==,"0,8","1,2","0,0",-,"0,7",64,REMF,REMOTO,2020_2,
7Q3PUDCiN3x9WMMzHR8Ivw==,"5,4","3,3","10,0",-,"6,2",12,APRN,REMOTO,2020_2,
n2d5c+emQq70KmyyLbqXcg==,"10,0","10,0","10,0",-,"10,0",0,APR,REMOTO,2020_2,
VpCzh7MVwwtZvXOYA9CFgw==,"5,2","4,5","7,0",-,"5,6",0,APRN,REMOTO,2020_2,
z2AIOBCPS4fOVqeOsg2zrw==,"4,7","2,8","0,0",-,"2,5",32,REMF,REMOTO,2020_2,
alsUiAvQT4SNVY86Caw2Yg==,"0,0","0,0","0,0",-,"0,0",76,REMF,REMOTO,2020_2,
ixADgxaqLFSmkf7JhyHHGw==,"8,1","1,7","1,0","0,0","3,6",18,REP,REMOTO,2020_2,"0,0"
gKk8ZKaQzkEXxswvIZp4Zg==,"7,6","4,7","0,0","1,3","4,5",12,REP,REMOTO,2020_2,"1,3"
otzjGIktAhxLmkVxPj5xUg==,"0,0","0,0","0,0",-,"0,0",76,REMF,REMOTO,2020_2,
1WR6Q1Oq8fE6PmSAbNti5g==,"7,2","5,7","6,0",-,"6,3",6,APRN,REMOTO,2020_2,
58KziqzXf3XuRYROac3oBQ==,"6,2","3,1","2,0","2,4","3,9",12,REP,REMOTO,2020_2,"2,4"
96EBvJxbEtgQ10sBZx8I8A==,"4,6","0,0","0,0",-,"1,5",50,REMF,REMOTO,2020_2,
I9FJqFRWfrJGida7soDVEA==,"6,5","6,5","7,0",-,"6,7",10,APRN,REMOTO,2020_2,
jgnDU/ylrd5DQilImQN3gg==,"9,8","7,6","9,8",-,"9,1",14,APR,REMOTO,2020_2,
N7P1wrxQiEbeUfCgi1a1ew==,"10,0","2,7","0,0",-,"4,2",44,REMF,REMOTO,2020_2,
/V9F5P3QEtLwDlXdwTCIMw==,"7,2","2,9","0,0","5,7","5,3",24,APR,REMOTO,2020_2,"5,7"
gHT5L9uYHXT/WJIYNGW4gw==,"4,2","1,5","0,0",-,"1,9",28,REMF,REMOTO,2020_2,
Cvtj43IV0E50X+x/yzPDAQ==,"1,6","1,6","0,0",-,"1,1",56,REMF,REMOTO,2020_2,
2IFF2kIVgUbOEnlAoQeguQ==,"0,0","0,0","0,0",-,"0,0",84,REMF,REMOTO,2020_2,
IU39+S217NdHOxzeyOrh4w==,"2,3","0,0","0,0",-,"0,8",46,REMF,REMOTO,2020_2,
TozCCRLl6LHLHNIh79/+ZA==,"2,2","1,7","0,0",-,"1,3",40,REMF,REMOTO,2020_2,
zzUiVXKpkwV3qKTwsDWXQQ==,"9,0","5,6","7,3",-,"7,3",12,APR,REMOTO,2020_2,
IaN5QYrmAWsNiY0mZPR0qQ==,"5,4","2,8","0,0",-,"2,7",16,REP,REMOTO,2020_2,
BM0SnRIFNBitRGt5uxKMBA==,"10,0","10,0","10,0",-,"10,0",14,APR,REMOTO,2020_2,
xo8Wn4p/VRGuCQqnYA2ATw==,"3,1","0,3","0,0",-,"1,1",40,REMF,REMOTO,2020_2,
AJOGzDSovFXu6PfOmnM+mw==,"4,1","0,0","0,0",-,"1,4",52,REMF,REMOTO,2020_2,
XF480lzQHLnsJvK4VTNKEA==,"1,9","0,0","0,0",-,"0,6",60,REMF,REMOTO,2020_2,
pEchtSuNZO5hTFaM2HG9ew==,"5,7","0,1","0,0",-,"1,9",40,REMF,REMOTO,2020_2,
h7zIOSs7mcrBpXtD4Eq0mA==,"9,5","7,7","5,0",-,"7,4",12,APR,REMOTO,2020_2,
o2zMQxdhOM9Xr41XmGB3fA==,"7,9","4,3","10,0",-,"7,4",12,APR,REMOTO,2020_2,
5dtfn5YkJqV3fGVtrcaZwA==,"4,9","4,1","2,0","1,4","3,7",0,REP,REMOTO,2020_2,"1,4"
TmEzZnTNj9+hiHTpwD8vYg==,"3,6","0,0","0,0",-,"1,2",50,REMF,REMOTO,2020_2,
mGRAVMip6bwywIlPTegmxA==,"9,7","8,4","5,5",-,"7,9",6,APR,REMOTO,2020_2,
O39zowNxrO+1LVubAn9cJw==,"3,7","3,9","0,0",-,"2,5",25,REP,REMOTO,2020_2,
QSJCifJgLVhGyFIvT2whSw==,"5,3","5,3","5,9",-,"5,5",8,APRN,REMOTO,2020_2,
DoDJU5ahqN3Vg5GJyWaFzA==,"7,5","0,0","0,0",-,"2,5",50,REMF,REMOTO,2020_2,
8/Nj/ijih99p17D87SJ3vg==,"8,1","4,2","7,0",-,"6,4",24,APRN,REMOTO,2020_2,
BoEp405d/bCvvO5iW7jJyg==,"7,6","4,6","8,0",-,"6,7",12,APRN,REMOTO,2020_2,
D3i8RrFfnnfneU3VyaSDkg==,"10,0","10,0","10,0",-,"10,0",0,APR,REMOTO,2020_2,
Z5Z1xC8zqqGxHaG3L6dvAw==,"0,0","0,0","0,0",-,"0,0",72,REMF,REMOTO,2020_2,
KDbhyA9+4gLg85olATXBRg==,"9,2","9,0","10,0",-,"9,4",0,APR,REMOTO,2020_2,
4C9mJXKfubrqwpt5eQKEtg==,"5,3","3,5","6,4",-,"5,1",24,APRN,REMOTO,2020_2,
AL+K9iSN58pRXw+zrNdFXA==,"3,9","1,1","0,0",-,"1,7",0,REP,REMOTO,2020_2,
7+cY+NmgBSuChIUx7uyxVQ==,"3,7","1,9","0,0",-,"1,9",16,REP,REMOTO,2020_2,
KosTX9DoeYp7TKKhjPuYJg==,"1,1","1,1","0,0",-,"0,7",0,REP,REMOTO,2020_2,
iSk/OndzaiGOtVA7VZ96VA==,"7,5","7,5","7,4",-,"7,5",2,APR,REMOTO,2020_2,
0/vLy3FP4nCilzRpsrnypg==,"7,2","1,6","0,0",-,"2,9",36,REMF,REMOTO,2020_2,
A/c9pNPlHKN2YwBdurwqcg==,"8,0","8,0","6,4",-,"7,5",20,APR,REMOTO,2020_2,
vZpuT0rtNShxedip7Wb6AQ==,"1,1","0,0","0,0",-,"0,4",64,REMF,REMOTO,2020_2,
e3aGd0tqPq0huNCv4so9VA==,"6,2","3,1","5,5","2,0","4,9",12,REP,REMOTO,2020_2,"2,0"
UYCzfoCXMaf/N0TZQMnCfA==,"1,4","0,5","0,0",-,"0,6",48,REMF,REMOTO,2020_2,
g1MsvAz7WCCBOL+rPlQtog==,"10,0","10,0","10,0",-,"10,0",0,APR,REMOTO,2020_2,
FLGj30m+xYtNWwi7B6yWtg==,"8,3","6,0","10,0",-,"8,1",12,APR,REMOTO,2020_2,
ZYxfCY7A8rwtCdphqhsS8g==,"7,7","5,7","5,2",-,"6,2",6,APRN,REMOTO,2020_2,
DyKnX4Kix09cG2zpwUcAUQ==,"7,1","10,0","1,5","10,0","9,0",6,APR,REMOTO,2020_2,"10,0"
pX7KRgppr43SBuGLdXhIzA==,"3,3","0,0","0,0",-,"1,1",54,REMF,REMOTO,2020_2,
hoVIN/1lb4eqnxo1hzrjqg==,"4,4","4,6","0,0","0,0","3,0",20,REP,REMOTO,2020_2,"0,0"
UHAev7lLxRlUQYmQ5kMUgw==,"6,5","4,3","6,5",-,"5,8",12,APRN,REMOTO,2020_2,
AUdbc+v6PPYefY/fHBljpw==,"0,0","0,0","0,0",-,"0,0",84,REMF,REMOTO,2020_2,
J14qTwKFLngTvlNoyR/PPA==,"7,8","1,1","0,0",-,"3,0",44,REMF,REMOTO,2020_2,
eRh8LSspkqLJp/+xtytHkg==,"6,7","1,1","0,0",-,"2,6",0,REP,REMOTO,2020_2,
Xz01ULnioYwwYhTDkz0BJA==,"0,3","0,0","0,0",-,"0,1",66,REMF,REMOTO,2020_2,
vXjhffiGmcX/KaLrPRuGhw==,"0,0","0,0","0,0",-,"0,0",88,REMF,REMOTO,2020_2,
GMaG+PhkdTf22ld1QNgTfg==,"0,8","0,0","0,0",-,"0,3",72,REMF,REMOTO,2020_2,
5jNToe0H8ibmXQ7uFkS3Mw==,"1,6","1,6","0,0",-,"1,1",52,REMF,REMOTO,2020_2,
HhooazEj5IosLJGvUIbThQ==,"3,7","0,0","0,0",-,"1,2",50,REMF,REMOTO,2020_2,
zkJnLKAMo2WT547o6Ptq+Q==,"10,0","3,3","5,0",-,"6,1",0,APRN,REMOTO,2020_2,
YbnswDnn8LaJDry8hvoUkQ==,"1,7","1,7","0,0",-,"1,1",0,REP,REMOTO,2020_2,
DS3KddJ6uP3kLccJd83umg==,"0,0","0,0","0,0",-,"0,0",60,REMF,REMOTO,2020_2,
5Zh5xPkWi1end202RRYF7Q==,"7,7","6,8","8,0",-,"7,5",6,APR,REMOTO,2020_2,
AQjlLvyqcvRmFaJ5y1k0zw==,"5,4","6,4","10,0",-,"7,3",24,APR,REMOTO,2020_2,
2U/0eH3yc21tPbGS5Il4EA==,"9,3","3,5","6,0",-,"6,3",18,APRN,REMOTO,2020_2,
eTuOkJmfQVT2plm4y1FArQ==,"7,2","3,3","0,0","0,0","3,5",0,REP,REMOTO,2020_2,"0,0"
qYoHi6yxiG2XYigfILZ9Tw==,"9,5","9,5","0,0","10,0","9,7",20,APR,REMOTO,2020_2,"10,0"
OcpcBahUE1WnQooWT/n2yg==,"10,0","8,2","10,0",-,"9,4",0,APR,REMOTO,2020_2,
kcd+lGkMP4HFgD4kTVWbpw==,"4,7","0,6","0,0",-,"1,8",48,REMF,REMOTO,2020_2,
UqVOIP85f4BdbQNd9xGabw==,"3,6","0,0","0,0",-,"1,2",46,REMF,REMOTO,2020_2,
Lg4yO/t647dZE+UkqMN/uQ==,"5,4","5,4","7,3",-,"6,0",10,APRN,REMOTO,2020_2,
Fr0+XtDQtGL4DKvNuM/Kdg==,"0,0","0,0","0,0",-,"0,0",78,REMF,REMOTO,2020_2,
0Yc0yvuXp+Xf9nRScAWGaQ==,"1,1","0,6","0,0",-,"0,6",0,REP,REMOTO,2020_2,
rHa1gQR26TrWmD+VGADc+w==,"8,2","8,2","0,0","5,3","7,2",20,APR,REMOTO,2020_2,"5,3"
qPf9ZvccXsaG4VyFsl2LbQ==,"4,8","4,8","0,0","0,0","3,2",20,REP,REMOTO,2020_2,"0,0"
kg7dwtbsoo52uGN9+R0Uvg==,"6,6","6,6","7,3",-,"6,8",4,APRN,REMOTO,2020_2,
qipsWRdDwh/fLJbT6QbiNw==,"5,3","2,5","0,0",-,"2,6",22,REP,REMOTO,2020_2,
lgNu97yeqFC8ZfHERc0e9w==,"10,0","10,0","10,0",-,"10,0",0,APR,REMOTO,2020_2,
OgUjGQmXAFvRXMobjy5aEQ==,"6,2","6,2","7,3",-,"6,6",24,APRN,REMOTO,2020_2,
r8x/zOiI9x/ocvBhiHFEiQ==,"0,0","0,0","0,0",-,"0,0",0,REP,REMOTO,2020_2,
4SEAI2Lax6lLyzVyarst4g==,"10,0","9,5","10,0",-,"9,8",0,APR,REMOTO,2020_2,
tZHrQhbq9isVhBi8XA4uRQ==,"7,6","7,6","3,0",-,"6,1",10,APRN,REMOTO,2020_2,
5SXgtz52LUAH8X54ACLpkg==,"7,6","3,0","7,2",-,"5,9",18,APRN,REMOTO,2020_2,
s7JBm7/niR4LZKxqyhfcgA==,"8,9","5,2","7,9",-,"7,3",8,APR,REMOTO,2020_2,
k6+6PECJPcZ5Bka/ivnqLA==,"8,1","4,3","9,8",-,"7,4",6,APR,REMOTO,2020_2,
Z5oB7whBfv94tAR3TYH8MA==,"9,3","8,6","7,0",-,"8,3",0,APR,REMOTO,2020_2,
VcFw8BJUOyxAX3YeNCYJXw==,"0,0","0,0","0,0",-,"0,0",72,REMF,REMOTO,2020_2,
lcJY6RALF8MQjpESFnuB7A==,"1,7","0,9","0,0",-,"0,9",48,REMF,REMOTO,2020_2,
iqywWCUx5IntGnLCQQMf+g==,"10,0","1,1","8,5","3,4","7,3",0,APR,REMOTO,2020_2,"3,4"
H6kwF5/YjD+D/MWgxYYHFw==,"0,0","0,0","0,0",-,"0,0",84,REMF,REMOTO,2020_2,
TF1tF1ZsARKRxPUb8G44kw==,"9,0","8,2","7,0",-,"8,1",0,APR,REMOTO,2020_2,
L/Exe5paKZFsi00y4gLYSg==,"9,4","8,2","8,5",-,"8,7",0,APR,REMOTO,2020_2,
L3cO1Om20+TnBaHn3QZK6w==,"8,3","8,3","9,1",-,"8,6",12,APR,REMOTO,2020_2,
TgP52gbXb6AiArWofrT7Lw==,"2,9","0,9","0,0",-,"1,3",36,REMF,REMOTO,2020_2,
FexsH2mZU/vSO5c6PpymKw==,"0,4","0,4","0,0",-,"0,3",56,REMF,REMOTO,2020_2,
WrznMFHcZFoHMz607hs/Kg==,"10,0","5,7","8,0",-,"7,9",6,APR,REMOTO,2020_2,
Of6c8+J9t82XMXev12Y+fQ==,"7,6","7,6","7,2",-,"7,5",4,APR,REMOTO,2020_2,
mIA80ys1s0yjUnpUzqTV7w==,"1,0","0,0","0,0",-,"0,3",0,REP,REMOTO,2020_2,
MwlKxrpsyOmPfSKP4Ot/ow==,"9,0","3,3","0,0","0,0","4,1",10,REP,REMOTO,2020_2,"0,0"
Na/vzqUOZZBeEDzEp+SmFA==,"7,4","5,5","3,0",-,"5,3",0,APRN,REMOTO,2020_2,
xrwcxwcFwIR1xt7uTHNw/g==,"6,1","3,6","10,0",-,"6,6",12,APRN,REMOTO,2020_2,
BvNds70UrEXMbcyGt87kfA==,"0,0","0,0","0,0",-,"0,0",68,REMF,REMOTO,2020_2,
num/3CuMrXHl7sEHau2GdA==,"10,0","10,0","10,0",-,"10,0",8,APR,REMOTO,2020_2,
U9SH85xivPE/I5es+eLahg==,"1,8","0,0","0,0",-,"0,6",64,REMF,REMOTO,2020_2,
tkjNYPZSLNtRZmPlrcUQTA==,"4,8","5,2","5,4",-,"5,1",8,APRN,REMOTO,2020_2,
BOs7eNm0ppuVrjUUbj+r5Q==,"7,8","3,2","4,7",-,"5,2",25,APRN,REMOTO,2020_2,
Yd0+uf5S6aNkIXqZtyuYFg==,"6,4","0,0","0,0",-,"2,1",40,REMF,REMOTO,2020_2,
HKwtRxsiMQNisfGMfSSmBQ==,"10,0","5,3","10,0",-,"8,4",0,APR,REMOTO,2020_2,
u++eLoIqoGnqr62kiBJslg==,"5,5","0,0","0,0",-,"1,8",40,REMF,REMOTO,2020_2,
cG9DfijbhEQhPy4YPve3RA==,"9,1","4,5","10,0",-,"7,9",12,APR,REMOTO,2020_2,
D260Uo+2x56XS4Zdk0bhGw==,"4,3","3,6","0,0",-,"2,6",34,REMF,REMOTO,2020_2,
WZmzty4ff8lOXHuutfWKng==,"5,6","2,8","0,0",-,"2,8",0,REP,REMOTO,2020_2,
pylrRfjZMVnKUHpm+9PqmA==,"6,7","1,1","0,0",-,"2,6",0,REP,REMOTO,2020_2,
FvyXRV5EwOj7HV15VkrRjw==,"2,9","0,0","0,0",-,"1,0",60,REMF,REMOTO,2020_2,
FwvUhl4VwVV2itEJVDCX8w==,"10,0","10,0","10,0",-,"10,0",14,APR,REMOTO,2020_2,
y3Gwfm313OgPH1Odw6UQCw==,"9,4","1,3","0,0",-,"3,6",40,REMF,REMOTO,2020_2,
WKRexOPYpih1682XOfMXoA==,"4,6","1,6","0,0",-,"2,1",22,REP,REMOTO,2020_2,
ezMgrQsoqp2GDuceHhbuUg==,"0,0","0,0","0,0",-,"0,0",72,REMF,REMOTO,2020_2,
cisGEXXHihbS+7Ur8QmP6w==,"10,0","3,2","0,0","0,0","4,4",24,REP,REMOTO,2020_2,"0,0"
te09mPMluFJjKg9acaem7g==,"2,1","2,1","0,0",-,"1,4",70,REMF,REMOTO,2020_2,
K6Ik9vidXdyzW6ome4Wy0A==,"2,3","0,0","0,0",-,"0,8",58,REMF,REMOTO,2020_2,
X2l1XfVnNaD6E2cSZ+h16A==,"0,0","0,0","0,0",-,"0,0",84,REMF,REMOTO,2020_2,
9zIykKXiz69Gh92znqb8XQ==,"2,2","1,1","0,0",-,"1,1",0,REP,REMOTO,2020_2,
VIZaAB8DufV0nniN0vSnsQ==,"4,0","2,4","0,0",-,"2,1",28,REMF,REMOTO,2020_2,
k3e6ApoM+SdK814czJECwA==,"0,1","0,0","0,0",-,"0,0",66,REMF,REMOTO,2020_2,
AwnCbOcje9K7kEBu46VTVA==,"5,5","0,0","0,0",-,"1,8",0,REP,REMOTO,2021_1,
1Q+wTI8GwuFX/IYXrv701w==,"9,0","6,7","9,0",-,"8,2",0,APR,REMOTO,2021_1,
r8bsCO4gKfTm3MPbiDxM6Q==,"6,9","5,3","0,0","5,0","5,7",0,APR,REMOTO,2021_1,"5,0"
YWqw2PEn0ZKAqFPyswz2Xg==,"1,1","0,0","0,0",-,"0,4",70,REMF,REMOTO,2021_1,
blGONsC1ayuayIilDsJNGA==,"10,0","8,5","9,0",-,"9,2",0,APR,REMOTO,2021_1,
lvg1hsTaxpW2nz6+X2cvnQ==,"4,4","1,2","0,0",-,"1,9",70,REMF,REMOTO,2021_1,
N3pnYoKpB4SF63RcGtsSQw==,"0,0","0,0","0,0",-,"0,0",0,REP,REMOTO,2021_1,
G3RtdPIgrCri2kI3FFCYpA==,"5,1","3,6","7,5",-,"5,4",24,APRN,REMOTO,2021_1,
2fUqSV7jLrE9hLs00/f9hQ==,"8,3","0,9","0,0",-,"3,1",46,REMF,REMOTO,2021_1,
GeTqU5gn1DBT0v70k3jxCQ==,"8,4","6,3","10,0",-,"8,2",0,APR,REMOTO,2021_1,
jDWLeicGP7cXrQPG+tUm/Q==,"9,0","3,2","0,0","3,0","5,1",22,APR,REMOTO,2021_1,"3,0"
RVlqx6bTmMh0AUtJ7cEZvQ==,"5,5","0,0","0,0",-,"1,8",0,REP,REMOTO,2021_1,
L6ArhiDEw+3NxgFJHWVkwQ==,"7,0","4,5","6,0",-,"5,8",6,APRN,REMOTO,2021_1,
qSbS8pEFQTkJcSJK8CnOyg==,"6,8","4,4","7,0",-,"6,1",26,APRN,REMOTO,2021_1,
mGTv4EpAt5z/IKhHO4u+wg==,"8,6","4,6","6,0",-,"6,4",12,APRN,REMOTO,2021_1,
GrzjH073ZyUX3LPjt47Q4g==,"7,3","3,0","4,7",-,"5,0",18,REC,REMOTO,2021_1,
BCIf+2T0dAb6ocFBPjnEGw==,"10,0","7,1","7,5",-,"8,2",0,APR,REMOTO,2021_1,
Ny5TxwtfFvLYUy9xh5mDeQ==,"3,1","0,0","0,0",-,"1,0",0,REP,REMOTO,2021_1,
Bdv3ttTSsym8jEDHGY+UQA==,"9,5","4,0","10,0",-,"7,8",6,APR,REMOTO,2021_1,
jt93ueBLZWCVq/+0uYZ/GA==,"7,4","0,0","0,0",-,"2,5",0,REP,REMOTO,2021_1,
UifRoQ/BiffqyMErSXlpqg==,"8,8","0,0","7,0","7,0","7,6",0,APR,REMOTO,2021_1,"7,0"
1edEMhVVbRB2s/A+Y3BgKg==,"1,0","0,0","0,0",-,"0,3",0,REP,REMOTO,2021_1,
fRQgEKxTMuYX8D0GT19NvQ==,"0,0","0,0","0,0",-,"0,0",0,REP,REMOTO,2021_1,
65sPmUkCAKwk5lfUlyhCAA==,"0,5","0,0","0,0",-,"0,2",76,REMF,REMOTO,2021_1,
lDg7IpPr3AQqm4tiDbwIAw==,"0,0","0,0","0,0",-,"0,0",88,REMF,REMOTO,2021_1,
i0tFwNY1yHFm1WGorBwmKg==,"10,0","4,5","9,0",-,"7,8",12,APR,REMOTO,2021_1,
LHYXsF+Agc/Dh59ahhYR5g==,"0,0","0,0","0,0",-,"0,0",0,REP,REMOTO,2021_1,
SN445+JOWrPOloYTxqpzOg==,"10,0","8,5","9,2",-,"9,2",0,APR,REMOTO,2021_1,
+qRTFo3+Cmb7ktmWUVN3QA==,"0,0","0,0","0,0",-,"0,0",0,REP,REMOTO,2021_1,
WLK9/Fshp+BWNo81sBVrcg==,"3,9","2,4","3,0","0,0","3,1",24,REP,REMOTO,2021_1,"0,0"
1x57/flbDArZXnP6yyG9dw==,"10,0","6,3","9,5",-,"8,6",6,APR,REMOTO,2021_1,
DVW81fyDZ2Z2pIlHxHGkKA==,"5,8","0,0","0,0",-,"1,9",0,REP,REMOTO,2021_1,
A1QUZ1Yk0h3cn0kb888eyA==,"6,4","7,7","9,0",-,"7,7",0,APR,REMOTO,2021_1,
FqmXOVLOQN9RtKZVlt+wwQ==,"6,0","0,5","0,0",-,"2,2",52,REMF,REMOTO,2021_1,
htNfy0yc+G3nfyyAqvy/SQ==,"6,3","3,0","8,0",-,"5,8",24,APRN,REMOTO,2021_1,
tJjxWh9zpxnk5rK28jjukg==,"0,0","0,0","0,0",-,"0,0",0,REP,REMOTO,2021_1,
HxaILLWUdM0wzVFWj1R5pQ==,"0,0","0,0","0,0",-,"0,0",0,REP,REMOTO,2021_1,
NDEBdfM+nF6KliffRQxINw==,"8,9","5,9","6,0",-,"6,9",4,APRN,REMOTO,2021_1,
E7yy5tjjYGP/T6GkmFwPfg==,"0,0","0,0","0,0",-,"0,0",88,REMF,REMOTO,2021_1,
43ZOWCPFyUGu9BK1+cBOQw==,"0,0","0,0","0,0",-,"0,0",0,REP,REMOTO,2021_1,
+I7ds3+j97bEl74qYmx+Fg==,"3,9","0,0","0,0",-,"1,3",64,REMF,REMOTO,2021_1,
lHjE+zuWtw9aFPR7JIGZzg==,"3,3","0,0","0,0",-,"1,1",76,REMF,REMOTO,2021_1,
mU9fG/GTH5de4aEqfmW+3A==,"10,0","10,0","10,0",-,"10,0",0,APR,REMOTO,2021_1,
1oEUw6kR6J4XQbteNKPO7w==,"1,5","0,0","0,0",-,"0,5",0,REP,REMOTO,2021_1,
58KziqzXf3XuRYROac3oBQ==,"8,8","5,5","4,0",-,"6,1",0,APRN,REMOTO,2021_1,
4OigKQF3wbovM9nGM/HEtg==,"1,5","0,0","0,0",-,"0,5",0,REP,REMOTO,2021_1,
v53tB7UFjG+oOa0dq8ia/g==,"10,0","7,8","10,0",-,"9,3",0,APR,REMOTO,2021_1,
5U9CZs+mut2TErybGGVAAA==,"9,0","7,4","9,5",-,"8,6",6,APR,REMOTO,2021_1,
gHT5L9uYHXT/WJIYNGW4gw==,"2,5","0,0","0,0",-,"0,8",0,REP,REMOTO,2021_1,
Cvtj43IV0E50X+x/yzPDAQ==,"0,5","0,0","0,0",-,"0,2",76,REMF,REMOTO,2021_1,
L7jCh4VyJL5Al91YCnHPbg==,"3,8","0,0","0,0",-,"1,3",70,REMF,REMOTO,2021_1,
2IFF2kIVgUbOEnlAoQeguQ==,"0,8","0,0","0,0",-,"0,3",70,REMF,REMOTO,2021_1,
IU39+S217NdHOxzeyOrh4w==,"7,3","4,0","7,5",-,"6,3",6,APRN,REMOTO,2021_1,
TozCCRLl6LHLHNIh79/+ZA==,"1,8","0,0","0,0",-,"0,6",0,REP,REMOTO,2021_1,
IaN5QYrmAWsNiY0mZPR0qQ==,"9,4","5,2","8,0",-,"7,5",0,APR,REMOTO,2021_1,
xo8Wn4p/VRGuCQqnYA2ATw==,"10,0","8,8","10,0",-,"9,6",0,APR,REMOTO,2021_1,
XF480lzQHLnsJvK4VTNKEA==,"7,0","0,0","0,0",-,"2,3",58,REMF,REMOTO,2021_1,
73KI5i0OYN42/Zz6gRzHlw==,"10,0","9,3","10,0",-,"9,8",0,APR,REMOTO,2021_1,
pEchtSuNZO5hTFaM2HG9ew==,"9,8","2,8","10,0",-,"7,5",12,APR,REMOTO,2021_1,
5dtfn5YkJqV3fGVtrcaZwA==,"10,0","8,5","8,5",-,"9,0",6,APR,REMOTO,2021_1,
CSWVnZAx1w6ejHnfAfq+Gw==,"10,0","10,0","10,0",-,"10,0",0,APR,REMOTO,2021_1,
O39zowNxrO+1LVubAn9cJw==,"10,0","8,2","10,0",-,"9,4",4,APR,REMOTO,2021_1,
kIJLslvBbZnx0Voawrg5mA==,"9,9","0,6","0,0",-,"3,5",54,REMF,REMOTO,2021_1,
S/gil/eUZw05zzfIukZv/Q==,"9,4","0,2","0,0",-,"3,2",60,REMF,REMOTO,2021_1,
ZilxyR9Qb/GXoZtY8+PUMQ==,"8,5","1,9","0,0",-,"3,5",46,REMF,REMOTO,2021_1,
/wQ3sFh8orFVmfwM5q5kcg==,"0,6","0,0","0,0",-,"0,2",86,REMF,REMOTO,2021_1,
0ljRRkH5CDBJp2jmqUBM3A==,"3,5","5,5","0,0","7,0","5,3",0,APR,REMOTO,2021_1,"7,0"
AL+K9iSN58pRXw+zrNdFXA==,"3,3","0,0","0,0",-,"1,1",80,REMF,REMOTO,2021_1,
KosTX9DoeYp7TKKhjPuYJg==,"9,5","4,4","6,0",-,"6,6",6,APRN,REMOTO,2021_1,
oxMqys39v4Q8RuVRFk0B/A==,"8,9","5,9","8,0",-,"7,6",6,APR,REMOTO,2021_1,
0/vLy3FP4nCilzRpsrnypg==,"10,0","8,8","10,0",-,"9,6",12,APR,REMOTO,2021_1,
e3aGd0tqPq0huNCv4so9VA==,"10,0","8,5","9,0",-,"9,2",0,APR,REMOTO,2021_1,
8ZLgemvxPvjJhlgqA/gN8g==,"10,0","9,4","10,0",-,"9,8",12,APR,REMOTO,2021_1,
pX7KRgppr43SBuGLdXhIzA==,"0,0","0,0","0,0",-,"0,0",0,REP,REMOTO,2021_1,
qbIG9dm8kb4ov+xtk3uuCA==,"0,0","0,0","0,0",-,"0,0",0,REP,REMOTO,2021_1,
eRh8LSspkqLJp/+xtytHkg==,"4,2","3,6","0,0",-,"2,6",54,REMF,REMOTO,2021_1,
5jNToe0H8ibmXQ7uFkS3Mw==,"1,1","1,2","0,0",-,"0,8",44,REMF,REMOTO,2021_1,
DS3KddJ6uP3kLccJd83umg==,"0,0","0,0","0,0",-,"0,0",0,REP,REMOTO,2021_1,
LsyzZdalH5wXkr5QNMnPlA==,"6,7","5,0","3,0","0,0","4,9",8,REP,REMOTO,2021_1,"0,0"
hda7IQfp5kT8LnSDFI39tw==,"10,0","3,8","7,0",-,"6,9",0,APRN,REMOTO,2021_1,
eTuOkJmfQVT2plm4y1FArQ==,"9,9","4,0","0,0",-,"4,6",28,REMF,REMOTO,2021_1,
CiSJcUEL745NALP+i14AZg==,"0,3","0,0","0,0",-,"0,1",90,REMF,REMOTO,2021_1,
fidUJAFAdrFua8MrvOB5ow==,"8,2","2,8","7,0","7,0","7,4",0,APR,REMOTO,2021_1,"7,0"
1ofNvY4uO5moOF7FrI5TGA==,"0,0","0,0","0,0",-,"0,0",90,REMF,REMOTO,2021_1,
tQV6iAvlbQ0Wu27s36K5Yg==,"4,0","0,0","0,0",-,"1,3",70,REMF,REMOTO,2021_1,
0Yc0yvuXp+Xf9nRScAWGaQ==,"0,0","0,0","0,0",-,"0,0",90,REMF,REMOTO,2021_1,
qPf9ZvccXsaG4VyFsl2LbQ==,"8,8","4,8","10,0",-,"7,9",6,APR,REMOTO,2021_1,
r8x/zOiI9x/ocvBhiHFEiQ==,"0,0","0,0","0,0",-,"0,0",90,REMF,REMOTO,2021_1,
uOAK03L+NYSHyYxMIMqM3A==,"0,0","0,0","0,0",-,"0,0",0,REP,REMOTO,2021_1,
GufnBYRPeD05LgJwuar0wg==,"5,0","0,0","0,0",-,"1,7",72,REMF,REMOTO,2021_1,
VcFw8BJUOyxAX3YeNCYJXw==,"0,0","0,0","0,0",-,"0,0",90,REMF,REMOTO,2021_1,
lcJY6RALF8MQjpESFnuB7A==,"9,4","5,9","8,5",-,"7,9",6,APR,REMOTO,2021_1,
twi6LxT16Tcjtr3vCFHoYw==,"1,5","0,0","0,0",-,"0,5",0,REP,REMOTO,2021_1,
FexsH2mZU/vSO5c6PpymKw==,"9,5","4,9","10,0",-,"8,1",0,APR,REMOTO,2021_1,
yzNk9N79otGOgzIZXmRVdQ==,"9,9","8,8","10,0",-,"9,6",6,APR,REMOTO,2021_1,
dhOW9iU6lgI9UXRZ11edbA==,"7,0","5,0","10,0",-,"7,3",12,APR,REMOTO,2021_1,
CtxgsZ6eMVQ9dJN07BZgJw==,"10,0","8,4","10,0",-,"9,5",0,APR,REMOTO,2021_1,
mIA80ys1s0yjUnpUzqTV7w==,"6,7","0,0","0,0",-,"2,2",62,REMF,REMOTO,2021_1,
MwlKxrpsyOmPfSKP4Ot/ow==,"9,5","6,5","8,5",-,"8,2",0,APR,REMOTO,2021_1,
4iYuM/B9eWO/mtqxlMvyEA==,"0,0","0,0","0,0",-,"0,0",0,REP,REMOTO,2021_1,
RjboUDa2oPUTiRyjcoS7UA==,"1,1","0,0","0,0",-,"0,4",86,REMF,REMOTO,2021_1,
U9SH85xivPE/I5es+eLahg==,"4,2","0,0","0,0",-,"1,4",0,REP,REMOTO,2021_1,
r4yCiJeHEh1bL3cKtyBGhQ==,"0,0","0,0","0,0",-,"0,0",0,REP,REMOTO,2021_1,
JmZsj9vOBCN+CcImjnQyIw==,"6,7","0,0","0,0",-,"2,2",70,REMF,REMOTO,2021_1,
u++eLoIqoGnqr62kiBJslg==,"8,9","2,4","0,0","3,0","4,8",24,REP,REMOTO,2021_1,"3,0"
ugUu9nTwnTkLKRTg7034Zg==,"8,0","0,0","0,0",-,"2,7",0,REP,REMOTO,2021_1,
D260Uo+2x56XS4Zdk0bhGw==,"6,6","5,3","0,0","9,0","7,0",0,APR,REMOTO,2021_1,"9,0"
WZmzty4ff8lOXHuutfWKng==,"8,3","4,1","7,5",-,"6,6",0,APRN,REMOTO,2021_1,
pylrRfjZMVnKUHpm+9PqmA==,"10,0","6,5","8,0",-,"8,2",2,APR,REMOTO,2021_1,
WKRexOPYpih1682XOfMXoA==,"0,6","0,0","0,0",-,"0,2",70,REMF,REMOTO,2021_1,
ezMgrQsoqp2GDuceHhbuUg==,"2,2","0,0","0,0",-,"0,7",64,REMF,REMOTO,2021_1,
75nk5lZ6PfrrOMaeniVQHQ==,"0,0","0,0","0,0",-,"0,0",0,REP,REMOTO,2021_1,
cisGEXXHihbS+7Ur8QmP6w==,"10,0","7,6","6,0",-,"7,9",2,APR,REMOTO,2021_1,
/KAI3vz94LYk12znLPjAGw==,"6,1","0,0","0,0",-,"2,0",70,REMF,REMOTO,2021_1,
te09mPMluFJjKg9acaem7g==,"0,0","0,0","0,0",-,"0,0",88,REMF,REMOTO,2021_1,
9zIykKXiz69Gh92znqb8XQ==,"0,0","0,0","0,0",-,"0,0",0,REP,REMOTO,2021_1,
aDAINmZoh0s3xelD1J2+1A==,"0,0","0,0","0,0",-,"0,0",88,REMF,REMOTO,2021_1,